lineup_id,P,C1B,2B,3B,SS,OF1,OF2,OF3,UTIL
0,p1,c2,b2a,b3a,ss1,of1,of2,of3,c1
1,p1,c1,b2b,b3a,ss2,of2,of3,of1,ss1
2,p1,c1,b2a,b3b,ss1,of2,of5,of1,ut3
3,p1,c1,b2a,b3a,ss1,of1,of5,of4,c2
4,p1,c1,b2a,b3a,ss1,of2,of4,of5,b3b
5,p1,c1,b2a,b3a,ss1,of5,of1,of2,ut1
6,p2,c1,b2b,b3a,ss2,of1,of2,of5,ss1
7,p2,c2,b2a,b3b,ss2,of1,of2,of4,b3a
8,p2,c2,b2a,b3b,ss1,of2,of5,of4,c1
9,p1,c2,b2a,b3b,ss2,of1,of4,of2,c1
10,p1,c1,b2a,b3b,ss1,of1,of3,of2,b2b
11,p2,c1,b2a,b3a,ss1,of2,of5,of1,c2
12,p1,c2,b2a,b3b,ss1,of3,of1,of5,c1
13,p1,c1,b2b,b3b,ss1,of2,of3,of5,b3a
14,p2,c1,b2b,b3b,ss2,of2,of1,of3,ss1
15,p2,c2,b2b,b3b,ss1,of2,of5,of1,c1
16,p1,c2,b2b,b3a,ss1,of1,of2,of4,c1
17,p1,c2,b2b,b3b,ss1,of1,of4,of2,ut1
18,p2,c2,b2a,b3b,ss1,of2,of5,of1,ss2
19,p1,c2,b2b,b3a,ss2,of5,of1,of3,ss1
20,p2,c1,b2a,b3a,ss2,of1,of2,of5,b3b
21,p1,c2,b2a,b3a,ss2,of1,of5,of2,c1
22,p1,c2,b2b,b3b,ss1,of1,of5,of4,b3a
23,p2,c1,b2b,b3b,ss1,of1,of2,of4,ut1
24,p2,c1,b2a,b3b,ss2,of2,of3,of4,c2
25,p1,c2,b2b,b3b,ss1,of2,of5,of4,c1
26,p2,c1,b2b,b3a,ss1,of2,of4,of5,c2
27,p2,c1,b2a,b3b,ss1,of1,of5,of4,b3a
28,p2,c1,b2a,b3a,ss1,of2,of1,of3,ss2
29,p2,c2,b2b,b3a,ss1,of1,of2,of3,c1
30,p1,c2,b2a,b3a,ss1,of2,of1,of5,b2b
31,p2,c2,b2a,b3b,ss1,of1,of2,of3,c1
32,p1,c2,b2a,b3b,ss1,of1,of4,of3,b3a
33,p1,c1,b2b,b3b,ss2,of2,of4,of5,b3a
34,p2,c2,b2b,b3a,ss1,of1,of2,of4,ss2
35,p1,ut1,b2a,b3b,ss1,of1,of2,of4,c1
36,p2,c1,b2a,b3b,ss2,of2,of5,of3,ut1
37,p1,c2,b2a,b3a,ss1,of1,of4,of2,ut1
38,p1,c1,b2b,b3b,ss2,of3,of1,of5,ss1
39,p2,c1,b2a,b3b,ss1,of1,of4,of2,ss2
40,p1,c1,b2b,b3b,ss2,of2,of1,of5,b2a
41,p1,c2,b2a,b3a,ss2,of2,of5,of4,ss1
42,p2,ut1,b2a,b3a,ss2,of1,of2,of5,ss1
43,p1,c1,ut2,b3a,ss2,of1,of4,of2,ss1
44,p1,c1,b2b,b3b,ss1,of1,of3,of4,c2
45,p1,ut1,b2b,b3b,ss1,of2,of3,of1,ss2
46,p1,c2,b2a,b3b,ss1,of2,of3,of4,c1
47,p1,c1,b2b,b3a,ss2,of5,of4,of1,c2
48,p1,c2,b2a,b3b,ss2,of3,of5,of2,ss1
49,p1,c1,b2a,b3b,ss2,of1,of5,of4,b3a
50,p1,c1,b2a,b3b,ss2,of2,of5,of1,ut3
51,p2,c2,b2b,b3a,ss1,of5,of2,of3,c1
52,p2,c2,b2b,b3a,ss1,of1,of2,of4,c1
53,p2,c1,b2a,b3b,ss2,of4,of5,of3,ut1
54,p1,c2,b2a,b3b,ss1,of2,of5,of4,c1
55,p2,ut1,b2b,b3a,ss1,of1,of2,of4,c1
56,p2,c1,b2b,b3b,ss2,of2,of5,of3,ut1
57,p2,c2,b2a,b3a,ss1,of1,of4,of2,ut1
58,p2,c1,b2b,b3b,ss2,of4,of5,of3,ut1
59,p1,c2,b2b,b3b,ss2,of2,of4,of5,b3a
60,p2,c1,b2b,b3a,ss2,of1,of2,of3,ss1
61,p1,c2,b2a,b3a,ss2,of1,of5,of2,ut2
62,p1,c1,ut2,b3b,ss1,of1,of3,of2,b2b
63,p1,c1,b2a,b3a,ss2,of1,of5,of4,c2
64,p1,c2,b2a,b3b,ss2,of1,of4,of2,of5
65,p1,c1,b2a,b3a,ss2,of2,of5,of4,c2
66,p2,c1,b2b,b3a,ss2,of1,of5,of3,ss1
67,p2,ut1,b2a,b3b,ss1,of1,of4,of2,ss2
68,p1,c1,b2b,b3b,ss2,of2,of5,of3,ut1
69,p2,c2,ut2,b3b,ss1,of2,of5,of1,c1
70,p2,c2,b2b,b3b,ss1,of2,of5,of1,ut2
71,p1,c1,ut2,b3a,ss2,of1,of3,of2,ss1
72,p2,c1,b2a,b3b,ss1,of2,of5,of1,c2
73,p2,c1,b2a,b3b,ss2,of2,of5,of4,c2
74,p1,c1,b2a,b3b,ss2,of2,of5,of3,ut1
75,p2,c1,b2b,b3b,ss2,of1,of2,of5,ss1
76,p1,c1,b2b,b3a,ss1,of1,of3,of4,c2
77,p2,c2,b2a,b3b,ss2,of1,of2,of5,b3a
78,p2,c1,b2a,b3a,ss1,of1,of5,of4,c2
79,p1,c1,b2a,b3b,ss2,of1,of5,of3,ut1
80,p2,c2,b2a,b3a,ss1,of1,of3,of2,ut1
81,p2,c2,b2b,b3b,ss1,of2,of4,of1,c1
82,p2,c1,b2b,b3b,ss1,of2,of3,of5,b3a
83,p2,ut1,b2a,b3a,ss2,of3,of2,of5,ss1
84,p2,c2,b2a,b3a,ss1,of2,of1,of5,b2b
85,p2,ut1,b2b,b3a,ss1,of1,of2,of4,ss2
86,p2,c2,b2a,b3b,ss1,of3,of5,of1,ss2
87,p2,c1,ut2,b3a,ss2,of1,of2,of3,ss1
88,p1,c1,b2b,b3b,ss2,of3,of1,of4,ss1
89,p2,c2,b2b,b3b,ss1,of2,of5,of3,ut2
90,p2,ut1,b2b,b3a,ss1,of1,of2,of4,c2
91,p2,c1,b2b,b3b,ss1,of1,of5,of4,b3a
92,p2,c2,b2b,b3b,ss1,of2,of3,of5,b3a
93,p2,ut1,b2a,b3b,ss2,of3,of2,of5,ss1
94,p2,c1,b2a,b3a,ss1,of1,of5,of4,ss2
95,p1,c1,ut2,b3b,ss1,of1,of3,of5,b2b
96,p1,c1,ut2,b3a,ss2,of1,of4,of3,ss1
97,p1,c1,ut2,b3a,ss2,of1,of5,of4,c2
98,p1,ut1,b2b,b3b,ss1,of4,of3,of1,ss2
99,p1,c2,b2a,b3a,ss1,of2,of1,of4,b2b
100,p1,c2,b2a,b3a,ss1,of1,of2,of4,c1
101,p1,c1,b2b,b3b,ss2,of3,of1,of4,b2a
102,p1,c1,b2b,b3b,ss2,of2,of4,of1,b3a
103,p1,ut1,b2a,b3b,ss1,of1,of4,of3,b3a
104,p1,c1,b2b,b3b,ss1,of1,of4,of2,ut1
105,p1,c2,b2a,b3b,ut3,of1,of4,of2,of5
106,p1,c1,ut2,b3a,ss2,of1,of3,of5,ss1
107,p1,c1,b2b,b3a,ss2,of2,of3,of5,ss1
108,p2,c2,b2a,b3b,ss2,of2,of5,of3,ut1
109,p2,c1,b2a,b3a,ss1,of1,of4,of2,ut1
110,p1,ut1,b2a,b3a,ss1,of1,of2,of3,c1
111,p2,c1,b2a,b3a,ss1,of2,of5,of1,ut1
112,p1,c1,b2a,b3b,ss1,of3,of5,of1,ut3
113,p2,c1,b2a,b3b,ss2,of4,of5,of1,ut1
114,p2,c2,b2a,b3a,ss1,of2,of1,of3,ss2
115,p1,c2,b2a,b3b,ss2,of1,of4,of2,b2b
116,p1,c1,b2b,b3b,ss1,of2,of4,of5,b3a
117,p1,c1,ut2,b3b,ss2,of3,of1,of4,b2a
118,p1,c1,ut2,b3b,ss1,of1,of4,of2,b2b
119,p2,c2,b2a,b3a,ss1,of4,of1,of5,b2b
120,p2,c1,b2b,b3b,ss2,of2,of4,of3,ut1
121,p2,c2,b2a,b3b,ut3,of1,of4,of2,of5
122,p1,ut1,b2b,b3b,ss2,of2,of4,of5,b3a
123,p1,c1,b2b,b3b,ss2,of3,of1,of4,ut3
124,p2,c2,b2b,b3a,ss1,of1,of2,of5,c1
125,p1,c2,b2a,b3a,ss1,of3,of1,of5,b2b
126,p2,c1,b2a,b3a,ss2,of3,of2,of5,ss1
127,p2,c2,ut2,b3a,ss2,of1,of2,of3,ss1
128,p1,ut1,b2a,b3a,ss1,of1,of2,of3,of4
129,p2,c1,b2b,b3b,ss1,of4,of3,of5,b3a
130,p1,c1,b2a,b3a,ss1,of5,of1,of4,ut1
131,p2,c2,ut2,b3b,ut3,of2,of5,of1,c1
132,p2,c1,b2b,b3a,ss2,of4,of2,of5,ss1
133,p2,c2,b2a,b3b,ss1,of1,of4,of3,c1
134,p2,c1,b2a,b3a,ss1,of1,of3,of2,ut1
135,p2,c1,b2a,b3b,ss1,of1,of5,of3,b3a
136,p2,c2,b2a,b3a,ss1,of5,of3,of2,ut1
137,p1,c1,b2b,b3b,ss1,of3,of1,of4,ut3
138,p2,ut1,b2a,b3b,ss1,of1,of4,of3,b3a
139,p1,c1,ut2,b3a,ut3,of1,of4,of2,ss1
140,p2,c2,ut2,b3b,ss1,of2,of4,of1,c1
141,p2,c2,b2a,b3a,ss2,of1,of3,of2,ut1
142,p1,ut1,b2b,b3a,ss1,of1,of2,of3,of4
143,p1,c2,b2a,b3a,ss1,of2,of1,of3,b2b
144,p1,c1,b2b,b3a,ss2,of2,of5,of4,c2
145,p2,c1,b2b,b3b,ut3,of1,of2,of4,ut1
146,p2,ut1,b2a,b3a,ss1,of1,of2,of3,of4
147,p1,c1,ut2,b3a,ss1,of1,of5,of4,c2
148,p2,c1,b2a,b3a,ss1,of5,of3,of2,ut1
149,p1,c2,b2b,b3b,ss2,of3,of1,of4,ut3
150,p1,c1,b2b,b3a,ss2,of3,of1,of5,ss1
151,p2,c1,b2b,b3b,ss1,of1,of2,of4,ut2
152,p2,c1,ut2,b3a,ss1,of1,of3,of2,ut1
153,p2,c2,b2a,b3a,ss2,of1,of3,of2,of4
154,p2,c1,b2b,b3a,ss2,of4,of5,of3,ut1
155,p1,c1,b2b,b3b,ss2,of2,of1,of4,ut3
156,p2,c2,b2a,b3b,ss1,of1,of2,of4,b3a
157,p2,ut1,b2a,b3a,ss1,of5,of2,of3,of4
158,p2,c1,b2b,b3b,ss1,of2,of5,of3,ut2
159,p1,c2,b2a,b3a,ut3,of2,of1,of5,b2b
160,p1,c2,b2a,b3a,ut3,of2,of3,of5,b2b
161,p1,c2,b2a,b3a,ss2,of3,of5,of2,ut2
162,p2,c2,b2b,b3b,ut3,of1,of2,of4,ut1
163,p2,c2,b2a,b3b,ss2,of4,of5,of3,ut1
164,p2,c1,ut2,b3a,ss1,of1,of3,of2,of5
165,p2,c2,b2a,b3a,ss2,of5,of3,of2,ut1
166,p1,ut1,b2b,b3b,ss2,of2,of1,of5,b3a
167,p2,c1,b2b,b3b,ut3,of4,of5,of3,ut1
168,p2,c2,ut2,b3b,ss1,of3,of4,of1,c1
169,p1,c2,b2b,b3b,ss1,of3,of5,of4,c1
170,p2,c1,ut2,b3b,ss1,of1,of5,of4,b3a
171,p2,c1,b2a,b3b,ss2,of4,of5,of1,ss1
172,p1,c1,ut2,b3a,ss2,of2,of5,of4,c2
173,p2,c2,b2a,b3a,ss1,of1,of2,of3,c1
174,p1,c2,b2a,b3a,ss2,of2,of5,of4,of1
175,p1,c1,b2b,b3b,ss2,of3,of1,of2,b2a
176,p1,ut1,b2b,b3a,ss1,of2,of3,of1,ss2
177,p2,c1,ut2,b3b,ss1,of1,of2,of4,ut1
178,p1,c1,b2b,b3b,ss1,of1,of4,of5,b3a
179,p1,c2,b2b,b3b,ss2,of3,of5,of4,c1
180,p2,ut1,b2a,b3b,ss2,of1,of2,of4,b3a
181,p1,c1,b2b,b3b,ss2,of2,of1,of5,ut3
182,p1,ut1,b2b,b3a,ss1,of1,of2,of4,ss2
183,p2,c2,b2b,b3b,ss2,of3,of5,of4,c1
184,p2,c2,b2b,b3b,ss1,of2,of3,of1,ut2
185,p2,c2,b2a,b3b,ut3,of2,of5,of4,c1
186,p2,c2,b2b,b3b,ss1,of2,of5,of4,c1
187,p1,c1,b2a,b3b,ss2,of2,of4,of1,ut3
188,p2,c1,b2a,b3b,ss1,of1,of2,of4,ut2
189,p1,c2,b2a,b3b,ss1,of2,of1,of4,b2b
190,p1,c1,ut2,b3b,ss2,of3,of1,of2,b2a
191,p1,c2,b2a,b3b,ss2,of1,of5,of3,ut1
192,p2,c1,b2a,b3a,ss1,of1,of2,of4,c2
193,p1,ut1,ut2,b3a,ss1,of1,of2,of4,ss2
194,p1,c2,b2b,b3a,ss1,of1,of2,of3,c1
195,p1,c2,b2a,b3b,ss2,of5,of4,of2,b2b
196,p1,ut1,b2b,b3b,ss2,of2,of1,of4,ut3
197,p2,c2,b2b,b3b,ss1,of1,of2,of4,ss2
198,p2,c2,b2b,b3b,ss1,of2,of3,of4,ut2
199,p1,c2,b2a,b3a,ss1,of3,of1,of4,b2b
200,p1,c2,b2b,b3b,ss2,of3,of2,of4,ut3
201,p1,c1,b2a,b3a,ss1,of2,of1,of4,ut1
202,p1,c1,b2a,b3a,ss2,of2,of5,of4,of1
203,p1,ut1,b2a,b3a,ss1,of1,of5,of4,c2
204,p2,c1,b2b,b3b,ut3,of1,of2,of4,b2a
205,p1,c1,ut2,b3b,ss2,of1,of3,of2,ss1
206,p1,ut1,b2a,b3a,ut3,of2,of3,of5,b2b
207,p2,c1,b2b,b3a,ut3,of1,of2,of4,ut1
208,p1,c1,b2b,b3b,ss1,of4,of3,of5,b3a
209,p2,ut1,ut2,b3b,ut3,of2,of5,of1,c1
210,p1,c1,b2b,b3b,ss1,of3,of5,of1,ut3
211,p1,c1,b2a,b3b,ss1,of1,of5,of3,b3a
212,p2,c1,b2b,b3a,ss1,of2,of5,of3,ut2
213,p1,c1,b2b,b3b,ut3,of2,of3,of5,b3a
214,p2,c1,b2b,b3a,ss2,of4,of2,of5,c2
215,p1,c1,ut2,b3b,ss2,of1,of3,of5,ss1
216,p1,c1,b2b,b3b,ut3,of2,of3,of5,ss2
217,p1,c1,ut2,b3a,ss2,of1,of3,of4,c2
218,p2,c2,b2b,b3b,ss1,of2,of5,of4,ut2
219,p1,c1,b2b,b3b,ut3,of2,of4,of1,b3a
220,p1,c2,b2b,b3b,ss2,of3,of2,of4,c1
221,p2,ut1,b2a,b3b,ss2,of2,of3,of4,c2
222,p1,ut1,b2b,b3a,ss1,of1,of2,of4,c2
223,p2,c1,b2b,b3b,ss2,of3,of1,of4,ss1
224,p2,c2,b2a,b3a,ss1,of2,of1,of5,ut1
225,p1,ut1,b2a,b3a,ut3,of2,of4,of5,b2b
226,p2,c1,b2b,b3b,ut3,of1,of2,of4,of3
227,p1,c1,ut2,b3b,ss2,of2,of5,of1,ut3
228,p2,ut1,b2b,b3a,ss1,of1,of2,of5,ss2
229,p2,ut1,b2b,b3a,ss2,of4,of2,of5,c2
230,p1,ut1,b2b,b3b,ss2,of2,of1,of4,ut2
231,p1,c1,b2a,b3a,ss2,of5,of1,of2,ut1
232,p1,c1,ut2,b3b,ss2,of2,of5,of4,c2
233,p1,c1,b2b,b3a,ss2,of4,of2,of5,ss1
234,p2,c1,b2b,b3b,ss1,of1,of3,of5,b3a
235,p2,c2,b2a,b3b,ss1,of3,of5,of4,ss2
236,p1,c1,b2b,b3b,ss2,of3,of4,of5,b3a
237,p1,ut1,b2b,b3b,ss1,of2,of1,of4,ut2
238,p2,c1,b2b,b3a,ss2,of1,of2,of3,b2a
239,p1,ut1,b2b,b3b,ss1,of2,of1,of4,of3
240,p2,c2,b2b,b3b,ss1,of3,of5,of4,c1
241,p1,c2,b2a,b3b,ss2,of3,of5,of4,c1
242,p1,c2,b2b,b3a,ss1,of3,of5,of4,c1
243,p1,c2,b2a,b3a,ss1,of2,of1,of3,ut2
244,p1,c1,b2b,b3b,ss2,of1,of4,of2,ut1
245,p2,c1,b2b,b3a,ss2,of1,of5,of3,ut2
246,p2,c1,b2a,b3a,ss1,of2,of4,of5,b3b
247,p2,ut1,b2a,b3a,ss1,of2,of1,of5,b2b
248,p1,c2,b2b,b3b,ut3,of2,of5,of4,c1
249,p1,ut1,b2a,b3a,ss2,of2,of5,of4,c2
250,p2,ut1,b2b,b3a,ss1,of1,of2,of3,ss2
251,p2,c2,b2a,b3a,ss1,of1,of3,of5,ut1
252,p2,c1,b2a,b3a,ss2,of1,of2,of3,b3b
253,p1,c2,b2b,b3a,ss2,of2,of3,of1,ss1
254,p2,c1,b2a,b3b,ss2,of2,of5,of3,ut3
255,p2,ut1,b2b,b3a,ss1,of1,of3,of5,ss2
256,p2,ut1,ut2,b3b,ss1,of1,of4,of3,b3a
257,p1,c2,b2a,b3b,ut3,of1,of4,of2,b2b
258,p1,c1,b2a,b3b,ss2,of2,of4,of1,b3a
259,p2,c2,b2b,b3b,ss1,of4,of5,of3,ut2
260,p1,c1,b2b,b3a,ss1,of2,of4,of5,c2
261,p1,ut1,b2b,b3a,ss2,of5,of4,of1,c2
262,p1,c1,b2b,b3b,ss2,of3,of1,of5,b2a
263,p1,c1,b2a,b3b,ss2,of1,of5,of4,ut1
264,p1,c1,b2a,b3b,ss1,of1,of3,of4,b2b
265,p1,c1,ut2,b3b,ss2,of1,of4,of5,ss1
266,p1,c2,b2b,b3b,ss2,of1,of5,of4,c1
267,p1,c2,b2a,b3a,ss2,of1,of3,of2,c1
268,p2,c2,b2b,b3b,ut3,of2,of5,of4,c1
269,p2,ut1,b2a,b3a,ss1,of5,of1,of3,of4
270,p2,c2,ut2,b3b,ss1,of3,of4,of1,b3a
271,p1,ut1,ut2,b3a,ss1,of1,of2,of3,c1
272,p1,c2,b2a,b3a,ss1,of5,of1,of4,b2b
273,p1,c1,ut2,b3a,ss2,of1,of4,of2,of5
274,p1,ut1,b2b,b3a,ss2,of2,of4,of1,c2
275,p2,ut1,b2a,b3b,ut3,of2,of5,of4,c1
276,p1,c2,b2a,b3b,ut3,of1,of4,of2,ut1
277,p2,c1,b2a,b3b,ss1,of1,of2,of4,of5
278,p2,c2,b2a,b3b,ss1,of2,of4,of1,ss2
279,p1,c1,ut2,b3a,ss2,of1,of5,of4,ut3
280,p1,c1,b2a,b3b,ss1,of1,of3,of5,b2b
281,p1,c2,ut2,b3a,ss2,of1,of2,of3,ss1
282,p2,c2,b2a,b3a,ss2,of1,of5,of2,ut1
283,p1,c2,b2a,b3a,ss2,of5,of4,of2,b2b
284,p1,ut1,b2b,b3a,ss2,of5,of4,of2,c2
285,p2,c1,ut2,b3b,ss1,of1,of2,of4,of5
286,p1,ut1,b2b,b3b,ss2,of2,of4,of1,b3a
287,p1,c1,b2b,b3b,ss2,of3,of1,of2,of5
288,p2,c2,b2b,b3b,ss2,of4,of5,of3,ut1
289,p1,c1,b2b,b3b,ss2,of3,of4,of2,of5
290,p1,c1,b2a,b3a,ss2,of2,of5,of1,ut3
291,p1,c2,b2a,b3a,ss2,of1,of5,of2,of3
292,p1,ut1,b2a,b3a,ss1,of1,of5,of4,of3
293,p2,c2,b2a,b3b,ss1,of2,of4,of1,ut1
294,p2,ut1,ut2,b3b,ut3,of3,of5,of1,c1
295,p1,ut1,b2a,b3a,ss2,of3,of5,of2,ut2
296,p2,c1,b2a,b3a,ss2,of1,of5,of2,ut1
297,p2,c2,ut2,b3b,ut3,of2,of4,of1,c1
298,p2,c2,ut2,b3b,ss1,of1,of2,of4,ss2
299,p1,c2,b2a,b3a,ss1,of3,of2,of5,b2b
300,p1,c1,b2a,b3a,ss1,of5,of3,of2,ut1
301,p1,c1,b2b,b3b,ss1,of2,of5,of3,ut1
302,p2,c2,b2b,b3a,ss2,of1,of2,of3,ss1
303,p2,ut1,b2a,b3b,ss1,of1,of2,of3,of4
304,p2,c2,ut2,b3a,ss2,of1,of5,of2,ut1
305,p1,c1,b2a,b3a,ss2,of4,of1,of2,ut1
306,p1,c2,ut2,b3a,ss2,of1,of2,of5,ss1
307,p1,ut1,b2a,b3a,ss1,of3,of5,of4,c2
308,p1,c2,ut2,b3a,ss2,of1,of5,of3,ss1
309,p2,c2,b2a,b3a,ss2,of1,of4,of2,ut1
310,p2,c1,ut2,b3a,ss1,of1,of3,of2,b2b
311,p1,c2,b2b,b3a,ss1,of4,of2,of3,c1
312,p1,c1,ut2,b3a,ss1,of2,of5,of4,c2
313,p2,c2,b2a,b3a,ss2,of1,of5,of3,ut1
314,p1,c1,ut2,b3b,ss1,of4,of3,of2,b2b
315,p2,c2,b2b,b3b,ss1,of1,of2,of4,ut1
316,p2,c1,b2a,b3a,ss2,of1,of2,of4,b3b
317,p1,ut1,b2a,b3b,ss2,of2,of5,of1,ut3
318,p1,ut1,b2b,b3b,ut3,of4,of3,of1,ss2
319,p1,c2,b2a,b3a,ss2,of2,of3,of4,of1
320,p2,c1,b2a,b3b,ss2,of1,of5,of2,ut1
321,p2,c2,b2a,b3b,ss2,of1,of4,of2,c1
322,p1,c2,b2a,b3b,ut3,of3,of1,of5,c1
323,p1,ut1,b2a,b3b,ss2,of2,of4,of1,ut3
324,p2,c2,b2a,b3b,ss1,of1,of2,of5,b3a
325,p1,ut1,b2b,b3b,ss1,of2,of1,of4,b2a
326,p2,c2,b2a,b3a,ss2,of1,of3,of5,of4
327,p1,ut1,b2b,b3b,ss2,of2,of1,of4,c2
328,p1,ut1,b2b,b3a,ss1,of2,of3,of1,of5
329,p2,ut1,b2a,b3b,ss1,of1,of2,of3,b2b
330,p2,ut1,b2b,b3a,ss2,of4,of1,of5,c2
331,p1,c1,b2a,b3b,ss1,of1,of2,of4,ut2
332,p2,ut1,b2b,b3a,ss2,of4,of1,of5,ut2
333,p1,c1,b2a,b3b,ss1,of3,of2,of1,ut3
334,p1,ut1,b2a,b3a,ss2,of3,of5,of1,ut2
335,p1,ut1,ut2,b3b,ss1,of2,of1,of4,b2a
336,p1,c1,b2b,b3b,ss1,of2,of1,of4,ut3
337,p2,c2,b2b,b3b,ss1,of1,of3,of5,b3a
338,p2,c2,b2a,b3a,ss1,of3,of1,of4,b2b
339,p2,c2,ut2,b3b,ss2,of1,of2,of3,ss1
340,p1,c2,b2b,b3b,ss2,of3,of5,of1,c1
341,p2,ut1,b2b,b3a,ss1,of1,of2,of4,ut3
342,p1,c1,ut2,b3b,ss1,of1,of5,of2,b2b
343,p2,c2,b2a,b3a,ss1,of3,of1,of5,b2b
344,p1,c1,b2a,b3a,ss1,of1,of3,of5,b2b
345,p1,ut1,b2a,b3a,ss1,of1,of5,of4,ut3
346,p1,c1,b2b,b3b,ss1,of4,of3,of1,b3a
347,p2,c2,b2b,b3a,ss1,of1,of3,of4,c1
348,p2,c1,b2b,b3b,ss1,of1,of2,of4,of5
349,p2,c1,b2a,b3b,ss1,of1,of3,of4,of5
350,p1,c2,b2b,b3b,ss1,of2,of3,of5,b3a
351,p2,ut1,b2a,b3b,ss2,of2,of3,of4,ut2
352,p2,ut1,ut2,b3b,ut3,of3,of5,of4,c1
353,p2,c2,b2b,b3a,ss1,of2,of3,of1,ut2
354,p2,c1,b2a,b3b,ss1,of2,of5,of1,ut3
355,p2,c2,b2b,b3a,ss1,of4,of5,of3,ut2
356,p2,ut1,ut2,b3b,ut3,of3,of4,of1,c1
357,p2,c2,b2a,b3a,ss2,of3,of2,of5,ss1
358,p1,c1,b2b,b3b,ss2,of2,of4,of5,b2a
359,p2,c2,ut2,b3a,ss1,of5,of3,of2,ut1
360,p1,c2,ut2,b3a,ut3,of1,of4,of2,ss1
361,p1,c2,ut2,b3a,ss1,of4,of2,of3,c1
362,p2,ut1,b2b,b3b,ss1,of1,of2,of3,ss2
363,p2,c2,b2b,b3b,ss1,of2,of4,of3,c1
364,p1,c2,b2a,b3b,ss2,of4,of5,of3,ut1
365,p1,c2,b2a,b3a,ss2,of2,of5,of1,ut3
366,p2,c2,b2b,b3a,ss1,of1,of5,of4,ss2
367,p2,ut1,ut2,b3a,ss1,of1,of3,of5,ss2
368,p1,ut1,b2a,b3a,ss2,of4,of5,of1,ut2
369,p1,c2,b2a,b3a,ss1,of3,of4,of5,b2b
370,p1,c1,ut2,b3b,ss2,of1,of4,of3,ss1
371,p1,c1,b2a,b3a,ss1,of2,of5,of1,ut3
372,p2,c2,b2b,b3b,ut3,of1,of4,of2,of5
373,p2,c2,b2b,b3a,ss2,of1,of3,of2,of4
374,p1,c2,ut2,b3a,ss1,of1,of2,of3,c1
375,p2,c2,b2a,b3a,ss1,of1,of3,of4,ut1
376,p2,c2,b2b,b3a,ut3,of1,of2,of4,ut1
377,p2,ut1,ut2,b3a,ss2,of3,of2,of5,ss1
378,p2,c1,b2b,b3b,ut3,of2,of5,of3,ut1
379,p2,ut1,ut2,b3a,ss1,of1,of3,of5,b2b
380,p1,c1,ut2,b3b,ss1,of3,of1,of2,b2a
381,p2,ut1,b2a,b3b,ut3,of2,of3,of4,ut2
382,p1,c1,ut2,b3a,ss1,of2,of5,of4,ss2
383,p1,c2,b2b,b3b,ut3,of1,of5,of4,c1
384,p1,c2,b2a,b3b,ut3,of1,of4,of3,of5
385,p2,c1,b2a,b3b,ss1,of1,of3,of5,b2b
386,p2,c2,b2b,b3a,ut3,of4,of5,of3,ut2
387,p1,c1,b2a,b3a,ss2,of3,of1,of2,ut1
388,p2,c1,b2a,b3b,ss1,of1,of2,of4,ut3
389,p1,c1,b2b,b3b,ss1,of3,of1,of4,ut2
390,p2,c2,b2b,b3b,ut3,of2,of5,of4,ut2
391,p1,c1,b2a,b3b,ss2,of2,of4,of1,b2b
392,p1,c1,ut2,b3a,ut3,of1,of4,of5,ss1
393,p1,ut1,b2b,b3b,ut3,of2,of1,of4,c2
394,p2,ut1,ut2,b3b,ss2,of1,of2,of3,ss1
395,p1,c1,ut2,b3a,ut3,of2,of5,of4,c2
396,p2,c2,b2b,b3b,ss1,of3,of5,of1,c1
397,p2,c2,ut2,b3b,ss1,of2,of4,of3,c1
398,p1,c1,b2a,b3b,ut3,of1,of5,of4,ut1
399,p1,ut1,b2a,b3a,ut3,of2,of1,of5,b2b
400,p1,c2,b2a,b3b,ut3,of2,of4,of3,of5
401,p2,c1,b2a,b3a,ss1,of2,of1,of5,ss2
402,p2,c1,ut2,b3b,ss2,of2,of5,of3,ut1
403,p2,c2,b2a,b3b,ss1,of2,of5,of1,ut3
404,p1,ut1,b2b,b3b,ss2,of1,of5,of4,c1
405,p1,c2,b2a,b3b,ss1,of2,of3,of4,ut2
406,p2,ut1,b2a,b3b,ut3,of1,of4,of2,ss2
407,p1,c2,ut2,b3a,ss2,of2,of5,of4,ss1
408,p1,ut1,b2b,b3b,ss2,of3,of5,of4,c1
409,p2,c2,ut2,b3a,ss1,of1,of3,of4,c1
410,p1,c2,b2b,b3b,ss1,of4,of3,of5,b3a
411,p1,c2,b2a,b3a,ss2,of2,of1,of5,b2b
412,p1,ut1,b2b,b3b,ut3,of3,of5,of4,c1
413,p1,c2,b2a,b3b,ss2,of3,of5,of2,ut3
414,p2,c2,b2a,b3b,ss1,of2,of4,of5,ss2
415,p2,c1,b2a,b3b,ss2,of2,of5,of1,ut3
416,p1,ut1,b2a,b3b,ut3,of3,of1,of5,c1
417,p2,c2,b2a,b3a,ut3,of2,of1,of5,b2b
418,p1,c2,b2b,b3b,ss1,of1,of3,of2,ut1
419,p2,c1,ut2,b3b,ut3,of1,of2,of4,b2a
420,p2,c2,ut2,b3b,ss1,of3,of5,of4,ss2
421,p2,ut1,b2b,b3b,ss1,of1,of4,of2,ss2
422,p2,c2,b2b,b3a,ss1,of2,of5,of1,ut2
423,p1,c1,b2a,b3b,ss2,of3,of5,of2,ss1
424,p2,c1,b2b,b3a,ut3,of1,of5,of3,ss1
425,p2,ut1,b2b,b3b,ss1,of1,of4,of2,ut3
426,p2,c1,b2b,b3b,ss2,of3,of4,of2,of5
427,p2,ut1,b2b,b3b,ss2,of4,of1,of5,c2
428,p1,c1,b2b,b3b,ss2,of3,of4,of2,b2a
429,p2,ut1,b2b,b3b,ss2,of2,of1,of4,ut3
430,p2,c1,b2b,b3b,ss1,of1,of2,of4,of3
431,p2,c1,b2b,b3b,ss2,of2,of1,of4,ut3
432,p2,c1,b2a,b3a,ss2,of2,of4,of5,b3b
433,p2,c2,b2a,b3b,ut3,of2,of4,of1,ss2
434,p1,ut1,b2b,b3a,ss2,of2,of3,of5,ss1
435,p1,c2,b2a,b3a,ss1,of1,of4,of3,ut1
436,p2,c1,b2b,b3a,ut3,of4,of2,of5,ss1
437,p1,c1,b2b,b3b,ss2,of3,of1,of4,c2
438,p1,c2,b2b,b3a,ss1,of2,of3,of1,ut2
439,p1,ut1,b2b,b3a,ut3,of2,of3,of5,ss1
440,p2,c2,b2b,b3a,ss1,of1,of2,of4,of3
441,p1,c1,b2b,b3a,ss2,of4,of1,of2,ut1
442,p1,ut1,b2a,b3a,ss1,of2,of5,of4,of3
443,p2,ut1,ut2,b3a,ss1,of1,of2,of5,ss2
444,p1,c2,b2a,b3b,ss2,of4,of5,of3,b3a
445,p2,c1,b2a,b3a,ss1,of1,of5,of3,ss2
446,p1,c1,b2a,b3a,ss1,of2,of3,of5,b2b
447,p1,c1,b2b,b3b,ss2,of1,of5,of3,ut1
448,p2,ut1,b2a,b3a,ss1,of2,of1,of4,b2b
449,p2,c2,b2a,b3a,ss1,of2,of4,of5,ss2
450,p2,c2,b2a,b3b,ss1,of3,of4,of1,ss2
451,p2,ut1,ut2,b3b,ss2,of4,of2,of3,ss1
452,p2,c1,b2a,b3b,ss1,of1,of2,of4,ut1
453,p1,c1,b2b,b3b,ss2,of1,of4,of5,b3a
454,p1,c2,b2a,b3b,ut3,of1,of5,of3,ut1
455,p1,c1,b2b,b3b,ss2,of1,of2,of3,ut1
456,p2,ut1,b2b,b3a,ss2,of4,of1,of5,of3
457,p1,c1,b2b,b3b,ss2,of2,of4,of1,c2
458,p2,c1,b2a,b3a,ss2,of2,of5,of1,ut3
459,p1,c1,ut2,b3a,ss1,of2,of5,of4,of1
460,p2,c2,b2a,b3a,ss1,of1,of3,of5,of4
461,p1,ut1,b2b,b3b,ss2,of3,of2,of4,c1
462,p1,c1,b2a,b3a,ss1,of2,of4,of5,b2b
463,p1,c1,b2a,b3b,ss2,of2,of5,of4,c2
464,p1,c2,b2a,b3b,ss1,of3,of5,of2,ut3
465,p2,ut1,ut2,b3b,ut3,of2,of4,of1,c1
466,p1,c1,b2b,b3a,ss1,of2,of3,of5,c2
467,p1,ut1,b2b,b3b,ss1,of2,of5,of4,of3
468,p2,c2,b2a,b3a,ss1,of1,of4,of2,b2b
469,p2,c2,ut2,b3b,ut3,of3,of5,of1,c1
470,p2,c2,b2b,b3b,ss2,of1,of4,of2,of5
471,p1,c2,ut2,b3a,ss2,of1,of4,of5,ss1
472,p2,c1,b2b,b3a,ss2,of1,of5,of3,b3b
473,p2,c2,b2b,b3a,ss1,of2,of5,of4,ss2
474,p1,c1,ut2,b3b,ss1,of2,of4,of5,b3a
475,p1,c1,ut2,b3a,ss2,of1,of2,of5,ss1
476,p1,ut1,b2b,b3b,ss2,of2,of1,of3,ut3
477,p2,ut1,b2b,b3a,ss2,of1,of2,of4,ut3
478,p1,c2,b2b,b3b,ut3,of1,of4,of2,of5
479,p2,ut1,b2b,b3b,ss2,of4,of1,of5,of3
480,p2,c1,b2a,b3a,ss1,of2,of4,of5,c2
481,p1,c1,ut2,b3b,ss2,of3,of1,of4,of2
482,p2,c2,b2a,b3a,ss1,of5,of3,of2,of4
483,p1,c1,b2a,b3b,ss1,of2,of3,of5,b2b
484,p1,ut1,b2a,b3a,ss1,of2,of1,of3,ut2
485,p2,c1,ut2,b3b,ss2,of3,of1,of2,b2a
486,p1,ut1,ut2,b3b,ss2,of2,of1,of3,ut3
487,p1,c1,ut2,b3b,ss2,of2,of1,of4,b2a
488,p1,c1,ut2,b3b,ss2,of2,of5,of4,ss1
489,p1,c2,ut2,b3b,ss1,of2,of3,of5,b3a
490,p1,ut1,b2a,b3a,ss1,of5,of1,of3,ut2
491,p2,c1,ut2,b3a,ss1,of2,of4,of5,c2
492,p1,c1,ut2,b3b,ss2,of2,of5,of4,b2a
493,p2,c1,ut2,b3b,ss1,of1,of3,of2,ut1
494,p1,c1,b2b,b3b,ss2,of1,of4,of5,b2a
495,p2,c2,b2a,b3b,ss2,of4,of5,of1,ss1
496,p2,c1,b2b,b3a,ss2,of1,of2,of4,ss1
497,p2,c2,ut2,b3b,ss1,of3,of4,of1,of2
498,p2,ut1,ut2,b3a,ut3,of2,of5,of1,c1
499,p2,c2,b2a,b3b,ss1,of3,of1,of5,c1
500,p1,c1,ut2,b3b,ss2,of3,of4,of2,of5
501,p2,c1,b2a,b3b,ss1,of5,of2,of4,ut2
502,p1,c2,ut2,b3a,ss1,of3,of1,of4,b2b
503,p2,c1,b2b,b3b,ut3,of2,of5,of3,ut2
504,p2,c2,b2b,b3b,ss1,of4,of5,of3,ss2
505,p2,c1,ut2,b3a,ss1,of1,of3,of4,of5
506,p2,ut1,ut2,b3b,ut3,of3,of2,of1,c1
507,p1,ut1,b2a,b3b,ss2,of2,of4,of5,ut3
508,p2,ut1,b2a,b3a,ut3,of1,of4,of2,ss2
509,p1,ut1,b2a,b3a,ut3,of2,of1,of3,ut2
510,p1,c1,ut2,b3b,ss2,of3,of4,of2,ut1
511,p2,c2,b2b,b3b,ss1,of1,of2,of3,c1
512,p1,c2,b2a,b3b,ut3,of1,of4,of2,of3
513,p1,c2,b2a,b3a,ss1,of1,of3,of2,ut1
514,p1,ut1,b2b,b3b,ss2,of5,of4,of1,c2
515,p2,c1,ut2,b3a,ss2,of1,of5,of3,ss1
516,p2,c1,b2a,b3b,ss1,of1,of3,of2,of5
517,p1,ut1,b2a,b3b,ut3,of2,of4,of3,of5
518,p1,c1,b2b,b3a,ut3,of2,of5,of4,c2
519,p2,c2,b2b,b3a,ss1,of3,of5,of4,ss2
520,p2,c1,b2a,b3b,ut3,of4,of5,of1,ut1
521,p1,ut1,b2b,b3a,ss2,of3,of5,of4,c1
522,p2,c1,b2b,b3a,ss2,of4,of3,of5,ss1
523,p2,ut1,b2a,b3b,ss1,of1,of4,of3,ut3
524,p1,c2,b2a,b3a,ss1,of1,of3,of5,ut1
525,p2,c1,ut2,b3b,ss2,of1,of2,of5,ss1
526,p2,c1,ut2,b3b,ss1,of1,of4,of2,ss2
527,p2,ut1,b2b,b3b,ss2,of2,of4,of5,b3a
528,p2,c2,b2b,b3b,ss2,of3,of2,of4,c1
529,p1,c2,ut2,b3a,ss1,of5,of1,of4,b2b
530,p1,ut1,b2b,b3a,ss2,of1,of2,of4,ut3
531,p2,c2,b2a,b3b,ss2,of1,of5,of2,c1
532,p1,c1,b2a,b3b,ss2,of1,of5,of4,c2
533,p1,c1,b2b,b3a,ss2,of1,of4,of3,ss1
534,p1,c2,b2a,b3b,ut3,of1,of5,of4,ut1
535,p1,ut1,ut2,b3b,ss2,of2,of1,of3,of5
536,p2,c1,b2a,b3b,ss2,of1,of5,of4,b3a
537,p1,c2,b2a,b3a,ss2,of1,of5,of3,ut1
538,p1,c2,b2a,b3a,ut3,of3,of1,of5,b2b
539,p2,c2,b2a,b3b,ss2,of1,of3,of2,ut1
540,p2,c2,b2b,b3a,ss1,of2,of5,of3,ss2
541,p1,ut1,b2a,b3a,ss2,of1,of5,of2,ut2
542,p2,ut1,b2a,b3b,ss2,of5,of2,of4,b3a
543,p2,c1,ut2,b3a,ss2,of5,of2,of3,ss1
544,p1,ut1,b2b,b3b,ut3,of2,of1,of4,b2a
545,p1,ut1,b2a,b3b,ss1,of2,of5,of4,c1
546,p2,c2,b2b,b3a,ss2,of1,of5,of2,ut1
547,p1,c2,b2b,b3b,ss2,of3,of5,of2,c1
548,p1,c2,b2b,b3b,ss2,of1,of5,of3,ut1
549,p1,ut1,b2b,b3a,ss2,of1,of2,of3,of4
550,p2,c2,b2b,b3b,ss1,of1,of4,of2,of5
551,p1,c2,ut2,b3a,ss1,of5,of1,of3,b2b
552,p1,c2,ut2,b3a,ss2,of1,of3,of2,c1
553,p1,c1,b2b,b3a,ss1,of2,of4,of5,ut3
554,p2,ut1,b2a,b3b,ss2,of5,of2,of3,b3a
555,p1,ut1,b2b,b3a,ss2,of5,of2,of1,c2
556,p2,c1,ut2,b3a,ut3,of1,of5,of3,ss1
557,p1,c1,ut2,b3b,ss2,of3,of5,of1,ut3
558,p2,c2,b2a,b3a,ss1,of2,of1,of5,of4
559,p1,c2,b2b,b3b,ss2,of4,of5,of3,ut1
560,p1,c1,b2a,b3a,ss2,of5,of4,of2,b2b
561,p1,c2,b2b,b3b,ss2,of3,of5,of2,ut3
562,p1,ut1,ut2,b3b,ss2,of1,of2,of3,ss1
563,p2,ut1,ut2,b3b,ut3,of3,of4,of1,b2b
564,p2,c1,b2b,b3b,ss1,of1,of2,of4,b2a
565,p1,ut1,b2b,b3a,ss1,of5,of4,of1,c2
566,p1,c2,b2a,b3a,ss2,of2,of3,of1,ut3
567,p2,ut1,b2a,b3b,ss1,of1,of2,of3,c1
568,p1,ut1,ut2,b3a,ss1,of1,of2,of5,ss2
569,p2,c1,b2a,b3b,ss2,of2,of5,of1,of3
570,p1,c2,b2b,b3b,ss1,of2,of3,of4,c1
571,p2,c2,b2b,b3b,ss1,of2,of3,of5,ut1
572,p1,c2,b2b,b3a,ss2,of3,of1,of4,ut3
573,p1,c2,b2a,b3b,ss2,of1,of5,of2,of3
574,p1,c1,ut2,b3b,ss1,of2,of5,of4,of1
575,p2,ut1,ut2,b3a,ss2,of3,of2,of5,b2b
576,p2,ut1,b2a,b3b,ss1,of2,of1,of4,b2b
577,p1,c2,b2a,b3b,ss2,of2,of4,of1,ut3
578,p1,c1,b2a,b3a,ss2,of2,of5,of3,ut1
579,p1,c1,b2b,b3a,ss1,of1,of3,of5,c2
580,p1,c1,ut2,b3a,ut3,of2,of5,of4,ss2
581,p2,c1,b2a,b3b,ss2,of3,of5,of1,ss1
582,p1,c2,ut2,b3b,ss2,of2,of5,of4,ss1
583,p2,c2,b2b,b3b,ss1,of2,of5,of3,of1
584,p1,c1,b2b,b3a,ss2,of2,of4,of5,ut3
585,p2,c1,b2a,b3a,ss2,of2,of5,of3,ut1
586,p2,ut1,ut2,b3b,ut3,of3,of2,of1,ss2
587,p2,c2,b2b,b3b,ss1,of1,of2,of4,b2a
588,p1,c2,ut2,b3a,ss1,of5,of2,of3,b2b
589,p2,c2,b2b,b3a,ss1,of1,of3,of4,ss2
590,p2,c2,b2b,b3b,ss1,of2,of5,of1,ut3
591,p2,ut1,b2a,b3a,ss2,of4,of1,of5,of3
592,p2,c1,b2b,b3a,ut3,of4,of1,of5,ss1
593,p1,ut1,b2a,b3b,ss2,of1,of5,of2,ut2
594,p1,c1,b2a,b3b,ss2,of2,of3,of4,c2
595,p2,c1,b2b,b3b,ut3,of2,of3,of5,b3a
596,p2,c1,b2b,b3b,ss2,of3,of2,of5,ss1
597,p1,ut1,b2a,b3a,ss1,of2,of3,of1,ss2
598,p1,ut1,b2a,b3a,ut3,of2,of3,of5,ut2
599,p2,c2,b2a,b3a,ss1,of2,of1,of3,b2b
600,p2,c1,ut2,b3b,ss2,of2,of4,of3,ut1
601,p2,c2,b2a,b3b,ss1,of1,of3,of5,b3a
602,p1,ut1,ut2,b3b,ut3,of3,of2,of1,c1
603,p1,c2,b2a,b3a,ut3,of1,of3,of5,ut1
604,p2,c1,b2b,b3b,ss2,of2,of5,of3,ut2
605,p1,c2,b2b,b3b,ss1,of2,of3,of5,ut3
606,p2,c2,ut2,b3b,ss2,of2,of4,of3,ut1
607,p1,c2,b2b,b3a,ss2,of2,of3,of4,of1
608,p2,c1,b2a,b3b,ss1,of4,of5,of1,ut3
609,p2,c2,b2a,b3b,ss1,of1,of4,of5,b3a
610,p2,c1,ut2,b3a,ss2,of5,of2,of1,ss1
611,p2,c2,b2a,b3b,ss2,of4,of5,of1,ut1
612,p2,ut1,b2b,b3a,ss1,of1,of2,of3,ut3
613,p2,ut1,b2b,b3a,ss2,of1,of2,of3,b2a
614,p1,c1,ut2,b3b,ss1,of2,of5,of4,c2
615,p2,c2,ut2,b3a,ss2,of1,of3,of4,c1
616,p1,c2,b2b,b3b,ss1,of3,of5,of2,c1
617,p2,ut1,b2a,b3b,ss1,of1,of2,of4,b3a
618,p1,c1,b2b,b3b,ut3,of2,of5,of3,ut1
619,p1,c1,ut2,b3b,ss1,of3,of4,of2,b2a
620,p1,c2,b2a,b3a,ss2,of4,of5,of1,ut3
621,p1,c2,b2a,b3b,ss2,of5,of4,of3,b2b
622,p2,c2,b2a,b3a,ss2,of1,of5,of2,c1
623,p1,c1,b2a,b3b,ss1,of3,of5,of2,ut3
624,p2,c1,b2b,b3b,ss1,of4,of2,of5,b3a
625,p1,c1,b2b,b3b,ss2,of2,of3,of5,b3a
626,p1,ut1,ut2,b3b,ss2,of4,of1,of3,of5
627,p2,c1,ut2,b3b,ss2,of1,of4,of5,ss1
628,p2,ut1,b2b,b3a,ss2,of4,of2,of5,of3
629,p2,c1,b2a,b3b,ss1,of3,of2,of1,ut3
630,p2,c1,b2b,b3b,ss1,of1,of2,of4,b3a
631,p2,c1,b2b,b3a,ut3,of1,of2,of5,ut1
632,p2,c2,b2b,b3a,ut3,of1,of2,of4,c1
633,p2,c2,b2a,b3b,ut3,of1,of4,of2,c1
634,p1,c1,b2a,b3b,ss1,of5,of3,of4,b2b
635,p1,ut1,ut2,b3a,ss1,of2,of1,of4,b2a
636,p2,c1,ut2,b3b,ut3,of2,of4,of3,ut1
637,p2,c2,ut2,b3a,ss2,of1,of3,of2,of4
638,p2,c1,ut2,b3a,ut3,of5,of2,of3,ss1
639,p2,c2,b2b,b3a,ss2,of5,of1,of3,ss1
640,p2,ut1,ut2,b3a,ss1,of1,of2,of4,c2
641,p1,c1,b2a,b3a,ss2,of3,of5,of2,ss1
642,p1,c2,b2a,b3a,ss2,of2,of5,of3,ut3
643,p1,c2,b2a,b3a,ss2,of1,of3,of5,of4
644,p2,c2,ut2,b3a,ss1,of3,of1,of4,b2b
645,p1,ut1,b2a,b3b,ut3,of2,of1,of5,c1
646,p2,c1,b2b,b3b,ss2,of1,of2,of4,ut1
647,p1,c1,b2b,b3a,ss1,of2,of3,of1,ut2
648,p1,ut1,b2b,b3a,ss1,of2,of4,of1,of5
649,p1,c1,b2a,b3a,ss1,of2,of4,of5,ss2
650,p2,c2,b2a,b3b,ss1,of2,of5,of3,ss2
651,p2,ut1,b2a,b3b,ss2,of4,of1,of5,of3
652,p1,ut1,ut2,b3b,ut3,of3,of5,of4,c1
653,p1,c1,ut2,b3b,ss2,of1,of3,of2,ut3
654,p1,c2,b2b,b3b,ss2,of2,of5,of4,c1
655,p1,ut1,b2a,b3b,ut3,of2,of5,of4,c1
656,p1,c2,b2a,b3b,ut3,of1,of5,of4,b3a
657,p1,ut1,b2a,b3a,ut3,of2,of4,of5,b3b
658,p2,c1,b2a,b3a,ss1,of2,of1,of5,b2b
659,p1,ut1,b2a,b3b,ss1,of2,of4,of3,of5
660,p2,c1,ut2,b3b,ss1,of2,of5,of4,c2
661,p1,ut1,b2a,b3b,ss1,of1,of3,of4,b2b
662,p2,c2,b2b,b3b,ut3,of5,of2,of4,ut1
663,p1,c1,b2a,b3a,ss2,of5,of1,of4,ut1
664,p2,ut1,b2a,b3b,ss1,of2,of5,of4,c1
665,p2,c2,ut2,b3b,ss1,of3,of5,of1,b3a
666,p2,ut1,b2a,b3a,ss1,of2,of1,of3,b2b
667,p2,c1,ut2,b3b,ut3,of1,of5,of4,b2a
668,p2,c1,b2a,b3b,ss1,of1,of4,of5,b2b
669,p1,ut1,b2b,b3a,ut3,of2,of3,of5,ut2
670,p2,c2,b2b,b3b,ss1,of2,of4,of3,of1
671,p1,c2,b2a,b3b,ss2,of4,of5,of2,ut3
672,p2,c2,b2a,b3a,ut3,of2,of1,of5,ut1
673,p2,c1,ut2,b3b,ss1,of1,of4,of5,b2b
674,p1,c1,b2a,b3b,ss2,of3,of5,of2,ut3
675,p1,c1,b2b,b3b,ss1,of4,of5,of1,ut3
676,p2,c1,ut2,b3b,ss1,of1,of3,of2,b2b
677,p1,c1,ut2,b3b,ss2,of3,of1,of4,of5
678,p2,c1,ut2,b3a,ss2,of4,of2,of1,ss1
679,p1,c2,b2b,b3b,ss2,of1,of4,of5,b3a
680,p1,c1,ut2,b3a,ss2,of5,of4,of2,b2b
681,p1,c2,b2a,b3a,ut3,of3,of1,of2,b2b
682,p2,ut1,b2b,b3a,ss2,of1,of2,of3,of4
683,p2,c1,ut2,b3a,ss2,of1,of2,of4,b3b
684,p2,c1,b2b,b3b,ut3,of1,of3,of5,b3a
685,p2,ut1,b2a,b3b,ss2,of2,of1,of5,of3
686,p2,ut1,b2a,b3a,ss1,of2,of1,of3,ut2
687,p2,ut1,ut2,b3a,ss2,of1,of2,of3,ss1
688,p2,c2,ut2,b3b,ss1,of1,of2,of4,of5
689,p1,ut1,b2a,b3a,ut3,of2,of1,of4,ut2
690,p1,c1,b2a,b3b,ss2,of2,of4,of1,ut1
691,p2,ut1,b2a,b3b,ut3,of3,of2,of1,c1
692,p2,c2,b2b,b3a,ss1,of1,of2,of5,ut1
693,p1,c1,ut2,b3b,ut3,of2,of4,of3,ut1
694,p1,c2,ut2,b3b,ss1,of3,of4,of1,c1
695,p2,c2,b2a,b3a,ut3,of5,of3,of2,ut1
696,p2,c2,b2b,b3a,ut3,of1,of2,of5,c1
697,p2,c1,b2b,b3a,ut3,of2,of1,of5,ss1
698,p1,ut1,b2a,b3a,ss1,of1,of5,of3,c1
699,p2,c1,b2b,b3a,ss1,of1,of3,of2,ut1
700,p2,c1,b2a,b3a,ss2,of1,of4,of2,ut1
701,p1,c1,b2b,b3b,ut3,of1,of4,of5,b3a
702,p1,c1,ut2,b3a,ut3,of1,of4,of2,ut1
703,p1,c2,b2a,b3b,ss2,of2,of5,of3,ut1
704,p1,c2,ut2,b3b,ss2,of2,of5,of3,ss1
705,p2,c1,b2b,b3b,ss2,of1,of2,of4,ss1
706,p1,c1,b2b,b3b,ut3,of1,of5,of3,ut1
707,p1,ut1,b2b,b3b,ut3,of4,of3,of1,c1
708,p2,c1,b2b,b3a,ss1,of3,of4,of5,c2
709,p2,c2,ut2,b3a,ss2,of1,of3,of2,c1
710,p2,c1,b2a,b3b,ss1,of1,of3,of2,b2b
711,p1,c2,ut2,b3b,ut3,of3,of5,of1,c1
712,p2,c1,b2b,b3a,ss2,of1,of4,of2,ut1
713,p2,c1,b2a,b3b,ut3,of3,of5,of1,ss1
714,p1,ut1,b2a,b3b,ss1,of2,of1,of4,of3
715,p2,ut1,b2b,b3a,ss1,of1,of5,of4,ut3
716,p2,ut1,b2a,b3b,ut3,of3,of5,of1,c1
717,p1,c1,ut2,b3b,ss1,of2,of5,of1,ut3
718,p1,c2,b2a,b3a,ss1,of3,of1,of5,c1
719,p1,c1,b2b,b3a,ss2,of2,of1,of5,b2a
720,p2,c2,b2b,b3a,ut3,of5,of2,of4,c1
721,p2,c1,b2b,b3b,ut3,of4,of2,of5,ss1
722,p2,c2,b2b,b3b,ss1,of1,of3,of4,c1
723,p1,ut1,b2b,b3b,ut3,of5,of1,of4,c2
724,p2,c1,b2a,b3a,ss1,of1,of2,of5,b3b
725,p1,c2,b2a,b3a,ss1,of3,of4,of2,ut1
726,p2,c1,b2a,b3a,ss1,of1,of2,of4,b3b
727,p1,c2,b2b,b3b,ss2,of4,of2,of3,ut1
728,p1,ut1,b2a,b3a,ss2,of1,of5,of4,c2
729,p1,c1,b2a,b3a,ss1,of2,of5,of4,of1
730,p2,c2,b2a,b3b,ss1,of4,of5,of3,ut1
731,p2,ut1,b2a,b3b,ss2,of1,of2,of5,b3a
732,p2,c2,b2a,b3a,ss1,of5,of3,of4,ut1
733,p1,c1,ut2,b3a,ss2,of1,of4,of2,b2a
734,p1,ut1,b2b,b3a,ss1,of4,of3,of1,of5
735,p2,ut1,b2b,b3a,ut3,of1,of2,of3,ss2
736,p2,c1,b2b,b3a,ss2,of1,of2,of5,ut1
737,p2,c2,b2b,b3b,ss1,of2,of4,of1,ut2
738,p2,ut1,b2b,b3b,ss2,of4,of2,of5,of3
739,p2,c2,b2b,b3a,ut3,of3,of5,of4,ss2
740,p1,ut1,b2a,b3b,ut3,of2,of3,of4,ut2
741,p1,ut1,b2a,b3b,ut3,of1,of2,of4,c1
742,p2,c2,ut2,b3b,ss1,of1,of2,of4,b2a
743,p1,c1,ut2,b3a,ss1,of2,of5,of3,of1
744,p2,c2,b2a,b3a,ss2,of5,of3,of2,of4
745,p2,c1,ut2,b3a,ss2,of1,of3,of2,of4
746,p2,ut1,b2b,b3a,ss1,of1,of3,of5,of2
747,p1,c1,ut2,b3a,ss2,of2,of5,of3,of1
748,p2,ut1,b2a,b3a,ss1,of2,of4,of5,b3b
749,p2,c2,b2a,b3b,ut3,of1,of4,of5,c1
750,p2,ut1,ut2,b3b,ss2,of1,of2,of5,b3a
751,p2,c2,b2a,b3b,ss2,of3,of5,of2,ut3
752,p2,c2,ut2,b3b,ss1,of4,of5,of1,c1
753,p2,c2,b2b,b3b,ut3,of1,of2,of4,c1
754,p2,c1,b2a,b3b,ss1,of4,of5,of3,ut1
755,p1,c2,b2b,b3a,ss2,of2,of3,of4,of5
756,p1,c2,b2a,b3b,ss2,of2,of5,of1,ut3
757,p2,c2,b2b,b3b,ss1,of2,of5,of1,ss2
758,p1,c1,ut2,b3b,ss2,of4,of5,of1,ut3
759,p2,c2,b2b,b3a,ss1,of4,of5,of1,ut2
760,p1,ut1,ut2,b3a,ss2,of1,of4,of2,of5
761,p1,ut1,b2b,b3b,ut3,of2,of1,of3,b2a
762,p2,ut1,b2a,b3b,ss2,of1,of2,of3,of4
763,p1,c2,ut2,b3a,ss2,of2,of3,of4,of5
764,p2,c1,b2b,b3b,ss2,of2,of4,of1,b3a
765,p1,c2,b2b,b3b,ss1,of3,of2,of4,ut3
766,p1,ut1,b2a,b3a,ss2,of2,of5,of4,b3b
767,p2,ut1,ut2,b3a,ss2,of1,of2,of4,ut3
768,p1,c1,ut2,b3a,ut3,of5,of4,of2,b2b
769,p2,c2,b2a,b3b,ut3,of1,of3,of2,ut1
770,p2,ut1,b2b,b3b,ss2,of4,of2,of3,ss1
771,p2,c1,b2a,b3a,ss2,of4,of2,of5,ss1
772,p2,c1,b2a,b3a,ss1,of3,of1,of5,b2b
773,p2,c2,b2a,b3b,ut3,of1,of4,of3,of5
774,p2,c2,ut2,b3b,ss1,of3,of1,of4,ss2
775,p2,ut1,b2a,b3b,ss2,of1,of2,of5,of4
776,p2,ut1,b2a,b3b,ss2,of5,of1,of3,b3a
777,p2,c1,b2b,b3a,ss1,of4,of5,of3,ut2
778,p1,c2,ut2,b3b,ss1,of4,of3,of2,b2b
779,p2,c2,b2a,b3a,ut3,of3,of1,of2,b2b
780,p2,c2,ut2,b3a,ss1,of1,of3,of2,of5
781,p1,ut1,b2b,b3a,ss2,of5,of2,of1,ut3
782,p2,c2,b2a,b3a,ss2,of3,of1,of4,b2b
783,p2,c1,b2b,b3b,ss2,of3,of4,of2,b2a
784,p2,c1,b2b,b3b,ss2,of2,of5,of3,ut3
785,p1,c1,ut2,b3b,ss1,of1,of5,of4,c2
786,p2,c1,b2b,b3a,ss2,of2,of5,of3,ut2
787,p2,c1,b2b,b3b,ss1,of1,of2,of3,of5
788,p1,c2,b2a,b3a,ss2,of1,of3,of5,b2b
789,p2,c1,b2b,b3a,ut3,of3,of2,of5,ut1
790,p2,c1,ut2,b3b,ss2,of3,of5,of1,ut3
791,p2,ut1,b2a,b3b,ut3,of2,of4,of3,of5
792,p2,c1,b2b,b3b,ss2,of2,of5,of1,ut1
793,p2,ut1,b2a,b3b,ss2,of2,of4,of5,ut3
794,p2,ut1,ut2,b3a,ss1,of1,of5,of4,ut3
795,p1,c2,ut2,b3a,ss1,of1,of4,of3,ut1
796,p2,ut1,b2a,b3a,ss2,of1,of3,of2,of4
797,p2,c1,b2a,b3b,ss2,of1,of2,of4,ut1
798,p1,c1,b2a,b3a,ut3,of2,of1,of5,b2b
799,p1,c2,b2b,b3b,ss2,of2,of5,of3,ut1
800,p1,ut1,b2a,b3b,ut3,of2,of1,of3,ut2
801,p2,c1,b2b,b3b,ss2,of2,of4,of1,c2
802,p1,c1,b2a,b3a,ss1,of2,of4,of5,c2
803,p1,ut1,b2b,b3a,ss2,of4,of3,of1,of5
804,p1,c2,ut2,b3b,ss2,of1,of4,of5,b3a
805,p2,c2,b2b,b3b,ss2,of4,of5,of1,ss1
806,p2,ut1,b2a,b3a,ss2,of3,of2,of5,b2b
807,p2,ut1,b2b,b3b,ut3,of2,of4,of5,b3a
808,p1,c2,b2b,b3b,ut3,of3,of2,of4,c1
809,p1,c2,b2a,b3a,ut3,of2,of1,of3,ut2
810,p2,c1,ut2,b3b,ss2,of3,of1,of4,of2
811,p1,c2,ut2,b3a,ss2,of1,of2,of5,ut3
812,p1,ut1,b2a,b3a,ss2,of1,of5,of4,ut3
813,p1,ut1,b2a,b3b,ss2,of2,of1,of3,ut3
814,p1,ut1,ut2,b3b,ss2,of1,of4,of2,of5
815,p2,ut1,ut2,b3b,ss1,of1,of4,of3,b2b
816,p2,c1,b2a,b3a,ss2,of1,of5,of4,c2
817,p1,c1,ut2,b3b,ut3,of1,of5,of4,b2a
818,p1,c2,b2a,b3b,ss1,of2,of5,of1,ut3
819,p1,ut1,b2a,b3b,ss2,of2,of4,of3,ut3
820,p1,c1,b2b,b3a,ss2,of4,of3,of1,of5
821,p2,c2,b2a,b3a,ss2,of5,of1,of4,b2b
822,p1,ut1,b2b,b3b,ss2,of2,of5,of4,ut2
823,p2,c2,b2b,b3b,ss1,of2,of3,of5,of4
824,p2,c1,b2a,b3a,ss1,of5,of3,of1,ut1
825,p1,c1,ut2,b3b,ss1,of5,of3,of4,b2b
826,p2,c2,b2a,b3b,ss2,of1,of4,of5,c1
827,p1,ut1,b2a,b3b,ut3,of2,of1,of4,ut2
828,p1,c1,b2b,b3b,ut3,of1,of4,of2,of5
829,p1,c1,ut2,b3a,ss2,of1,of2,of4,b3b
830,p2,c2,b2a,b3b,ss1,of3,of4,of1,of2
831,p1,ut1,b2a,b3b,ss1,of2,of3,of4,ut2
832,p1,c1,b2a,b3a,ss1,of5,of1,of2,b2b
833,p2,c2,b2b,b3a,ut3,of3,of2,of5,ut1
834,p1,c2,b2a,b3b,ss1,of1,of3,of2,ut1
835,p1,c2,b2a,b3a,ss1,of2,of3,of4,of1
836,p2,c2,b2a,b3b,ss1,of1,of4,of5,c1
837,p2,c2,ut2,b3b,ss1,of3,of2,of1,c1
838,p2,c1,ut2,b3b,ss1,of2,of5,of4,b3a
839,p2,ut1,b2b,b3b,ut3,of1,of4,of2,of5
840,p2,c2,b2b,b3a,ut3,of1,of3,of4,ut1
841,p1,c1,b2b,b3a,ss1,of2,of3,of5,ut2
842,p1,c1,ut2,b3a,ss2,of1,of4,of5,ss1
843,p2,c2,ut2,b3a,ss2,of1,of2,of4,b3b
844,p1,ut1,ut2,b3b,ss1,of2,of1,of4,of3
845,p2,c2,ut2,b3a,ss2,of3,of1,of4,b2b
846,p1,c1,b2a,b3b,ut3,of2,of1,of5,b2b
847,p1,c2,b2b,b3a,ss2,of3,of2,of4,ut3
848,p1,ut1,b2a,b3a,ss1,of2,of5,of4,of1
849,p1,c1,ut2,b3b,ss1,of5,of3,of4,ut1
850,p1,c1,b2a,b3b,ss2,of1,of5,of2,ut1
851,p1,c1,ut2,b3a,ss2,of3,of2,of5,ss1
852,p2,ut1,b2b,b3b,ss2,of2,of1,of5,b3a
853,p1,c2,b2b,b3a,ut3,of1,of2,of3,c1
854,p2,c1,ut2,b3b,ss1,of3,of2,of1,ut3
855,p1,ut1,b2a,b3a,ss2,of2,of1,of3,ut2
856,p2,c1,ut2,b3b,ss2,of3,of5,of1,of4
857,p2,c1,b2a,b3b,ss1,of2,of5,of4,ut3
858,p1,c2,b2b,b3a,ut3,of2,of3,of4,of1
859,p1,c1,b2a,b3a,ss1,of2,of3,of1,b2b
860,p2,c2,b2b,b3a,ss2,of1,of2,of3,b2a
861,p2,c2,b2b,b3a,ss1,of3,of5,of1,ut2
862,p1,ut1,b2b,b3a,ss2,of5,of2,of1,ut2
863,p2,c1,b2b,b3b,ss2,of4,of2,of3,ss1
864,p1,c1,ut2,b3a,ss1,of5,of3,of2,ut1
865,p1,ut1,b2b,b3a,ss2,of1,of5,of4,c1
866,p1,c1,b2b,b3a,ss2,of4,of2,of5,of1
867,p1,ut1,b2b,b3b,ut3,of2,of3,of5,ss1
868,p2,ut1,b2a,b3b,ut3,of1,of2,of3,of4
869,p2,ut1,b2a,b3b,ss1,of1,of4,of3,c1
870,p1,c2,b2a,b3b,ss1,of3,of5,of2,of4
871,p2,c2,b2b,b3b,ut3,of1,of2,of4,of3
872,p1,c2,ut2,b3b,ut3,of1,of5,of3,ut1
873,p1,c1,ut2,b3b,ss2,of2,of5,of3,ut1
874,p2,c1,b2a,b3a,ss1,of2,of1,of3,b2b
875,p2,c2,ut2,b3b,ss1,of3,of4,of1,b2b
876,p1,ut1,b2a,b3b,ss1,of2,of5,of4,ut2
877,p2,ut1,b2b,b3b,ss1,of1,of2,of3,c1
878,p1,ut1,b2b,b3a,ss2,of5,of2,of1,b2a
879,p2,c1,b2b,b3b,ss1,of2,of5,of3,ut1
880,p2,c1,b2b,b3a,ss1,of1,of2,of4,of3
881,p2,ut1,ut2,b3a,ut3,of3,of2,of5,ss1
882,p1,ut1,ut2,b3a,ss1,of2,of5,of4,c2
883,p1,c1,b2a,b3a,ss1,of1,of5,of3,ss2
884,p1,ut1,b2a,b3a,ss2,of4,of5,of2,ut2
885,p2,ut1,b2a,b3a,ss1,of3,of1,of4,b2b
886,p1,c2,b2b,b3b,ss2,of3,of5,of1,ut3
887,p1,ut1,b2a,b3b,ss2,of1,of4,of2,of5
888,p2,c2,b2a,b3b,ss2,of4,of5,of1,b2b
889,p1,c2,b2b,b3a,ss1,of3,of2,of4,ut3
890,p1,ut1,b2b,b3b,ss2,of2,of1,of4,of5
891,p1,ut1,ut2,b3a,ss1,of1,of5,of4,ut3
892,p1,c1,ut2,b3b,ss2,of2,of4,of1,c2
893,p2,c2,b2a,b3a,ss1,of2,of1,of5,ss2
894,p2,c2,b2a,b3b,ss2,of3,of1,of5,c1
895,p2,c2,b2b,b3a,ss1,of2,of5,of4,b3b
896,p1,c1,b2b,b3b,ss2,of1,of4,of5,ut2
897,p1,ut1,b2b,b3b,ut3,of2,of4,of1,b3a
898,p2,c2,b2a,b3a,ss1,of1,of3,of2,of4
899,p1,c1,b2b,b3b,ss2,of2,of5,of3,ut2
900,p2,c2,b2b,b3a,ut3,of1,of2,of4,ss2
901,p2,c1,ut2,b3a,ss1,of5,of3,of2,ut1
902,p1,c1,ut2,b3b,ss2,of1,of4,of2,ut3
903,p2,c1,ut2,b3b,ss2,of1,of3,of5,ss1
904,p2,c1,b2a,b3b,ss2,of3,of4,of2,of5
905,p1,c2,ut2,b3b,ss1,of3,of2,of1,c1
906,p1,c2,b2a,b3b,ss2,of2,of3,of1,ut3
907,p2,c2,b2a,b3b,ss1,of4,of5,of3,ut2
908,p2,ut1,b2a,b3a,ss1,of4,of1,of5,b2b
909,p1,ut1,b2b,b3b,ss2,of2,of3,of4,of5
910,p2,c2,b2a,b3b,ss2,of1,of5,of3,ut1
911,p2,c2,ut2,b3a,ss1,of5,of4,of2,ut1
912,p2,c1,b2a,b3a,ss2,of1,of5,of3,ut2
913,p2,c2,b2b,b3a,ss1,of1,of4,of5,ut1
914,p1,c1,b2a,b3b,ut3,of2,of1,of4,ut2
915,p1,c2,b2a,b3a,ss2,of1,of5,of3,c1
916,p2,c2,b2b,b3b,ss2,of4,of2,of3,ss1
917,p1,c2,b2a,b3b,ss2,of1,of5,of4,of3
918,p2,c1,ut2,b3a,ss2,of5,of3,of2,ut1
919,p1,c1,ut2,b3a,ss2,of3,of1,of4,of5
920,p2,c2,b2a,b3a,ss2,of1,of3,of2,c1
921,p1,c1,b2b,b3a,ss2,of2,of5,of3,ut2
922,p2,c2,b2b,b3a,ss1,of2,of4,of1,ut2
923,p1,ut1,ut2,b3b,ss2,of3,of1,of4,of2
924,p2,ut1,b2a,b3b,ss1,of2,of5,of3,c1
925,p2,c1,ut2,b3a,ss2,of5,of3,of2,of4
926,p1,ut1,b2a,b3b,ss2,of2,of5,of3,ut3
927,p1,c1,ut2,b3a,ut3,of1,of5,of2,ut1
928,p2,c1,b2a,b3a,ss2,of1,of5,of4,ut2
929,p2,ut1,b2b,b3a,ss2,of1,of2,of4,c2
930,p1,ut1,b2a,b3a,ss1,of4,of1,of3,ut2
931,p2,c2,b2b,b3b,ss2,of3,of5,of1,c1
932,p2,ut1,ut2,b3a,ss2,of4,of2,of5,b2b
933,p2,c2,b2b,b3b,ss2,of1,of5,of4,c1
934,p2,c1,ut2,b3b,ss1,of1,of2,of4,ut3
935,p2,c2,ut2,b3b,ut3,of1,of4,of2,of5
936,p1,c1,ut2,b3b,ss1,of1,of5,of4,b3a
937,p1,c1,ut2,b3b,ss1,of3,of1,of4,of2
938,p1,c1,ut2,b3b,ss1,of3,of4,of5,b3a
939,p1,c2,b2b,b3b,ut3,of1,of4,of2,of3
940,p2,c2,ut2,b3b,ss2,of2,of5,of4,ss1
941,p1,c2,b2b,b3b,ss2,of4,of5,of1,ut3
942,p2,c2,b2b,b3b,ss1,of1,of3,of2,b3a
943,p1,c2,b2b,b3b,ss1,of4,of5,of3,ss2
944,p1,c2,ut2,b3b,ss2,of1,of4,of3,b3a
945,p2,c2,b2b,b3b,ut3,of4,of5,of1,ss1
946,p1,ut1,b2b,b3a,ss2,of1,of3,of4,ut3
947,p1,c1,b2a,b3b,ut3,of2,of1,of4,b2b
948,p1,c1,b2b,b3a,ss2,of1,of4,of3,ut2
949,p2,ut1,ut2,b3a,ss1,of1,of2,of4,ut3
950,p2,ut1,b2b,b3a,ss1,of5,of2,of4,ss2
951,p2,c1,b2b,b3b,ss2,of1,of2,of4,of3
952,p2,c2,ut2,b3b,ss2,of2,of5,of3,ss1
953,p2,c1,b2b,b3a,ss2,of1,of2,of4,c2
954,p1,c2,ut2,b3b,ut3,of1,of5,of4,ut1
955,p2,c2,b2b,b3b,ut3,of4,of5,of3,ut2
956,p1,ut1,b2a,b3a,ss2,of1,of5,of3,ut3
957,p2,c2,b2a,b3b,ut3,of1,of4,of5,b3a
958,p1,c1,ut2,b3b,ut3,of2,of5,of4,b2a
959,p2,c2,ut2,b3b,ss1,of3,of5,of1,c1
960,p1,c1,ut2,b3b,ss1,of2,of5,of3,ut1
961,p2,ut1,b2b,b3b,ss1,of1,of4,of3,ss2
962,p1,c2,b2b,b3b,ss1,of2,of5,of4,b2a
963,p2,c2,b2a,b3a,ss2,of1,of5,of2,of4
964,p2,ut1,b2b,b3b,ss1,of2,of4,of3,of1
965,p1,c2,b2a,b3a,ss2,of4,of5,of2,ut2
966,p1,c1,b2b,b3a,ss2,of3,of1,of2,b2a
967,p1,c2,b2b,b3b,ss2,of3,of5,of1,of2
968,p2,c1,ut2,b3b,ss2,of1,of4,of5,ut1
969,p2,c2,b2a,b3b,ss1,of1,of3,of2,ut1
970,p1,c1,ut2,b3a,ss2,of2,of5,of3,ut1
971,p2,c2,b2a,b3b,ss1,of3,of2,of1,ut3
972,p2,c2,ut2,b3b,ss1,of2,of5,of3,c1
973,p1,c2,ut2,b3a,ss2,of1,of3,of5,b2b
974,p1,c2,b2a,b3b,ss2,of1,of5,of3,c1
975,p2,c1,b2a,b3a,ss1,of1,of3,of2,of5
976,p1,c1,b2b,b3b,ss1,of1,of4,of3,ut1
977,p1,c2,b2a,b3b,ss1,of1,of4,of3,c1
978,p2,c2,ut2,b3a,ss1,of1,of2,of4,of5
979,p1,ut1,b2b,b3a,ss2,of1,of2,of4,ut2
980,p2,c1,b2b,b3a,ss2,of1,of5,of4,ut2
981,p2,c1,b2b,b3b,ss2,of1,of4,of5,b3a
982,p1,ut1,b2b,b3b,ss2,of2,of3,of1,of5
983,p1,c2,b2a,b3b,ss1,of4,of3,of2,b2b
984,p1,c2,ut2,b3b,ut3,of3,of2,of1,c1
985,p1,ut1,b2b,b3b,ut3,of2,of1,of3,ut2
986,p2,c2,b2a,b3b,ss1,of2,of1,of4,c1
987,p2,c2,b2a,b3a,ut3,of3,of1,of5,b2b
988,p2,ut1,b2b,b3a,ss2,of1,of5,of4,ut3
989,p2,c2,b2a,b3a,ss1,of3,of4,of2,ut1
990,p1,c2,ut2,b3b,ss1,of3,of5,of4,ss2
991,p1,ut1,b2b,b3b,ss2,of5,of4,of1,ut2
992,p1,c2,ut2,b3b,ss2,of3,of4,of2,ut1
993,p1,c2,b2a,b3a,ss1,of3,of1,of5,ss2
994,p2,c1,b2a,b3a,ss1,of1,of3,of2,b3b
995,p2,c1,ut2,b3b,ss1,of5,of2,of4,ut3
996,p2,c2,b2b,b3b,ss1,of2,of4,of5,ss2
997,p1,c2,ut2,b3a,ut3,of3,of1,of4,b2b
998,p2,c2,ut2,b3b,ss1,of1,of3,of2,ut1
999,p2,ut1,b2b,b3b,ss2,of4,of5,of3,ss1
1000,p1,ut1,b2b,b3a,ss2,of2,of4,of3,c2
1001,p1,c2,b2b,b3b,ss2,of2,of3,of4,of1
1002,p2,ut1,ut2,b3a,ss2,of1,of3,of4,c1
1003,p1,c2,ut2,b3a,ss2,of1,of2,of3,of4
1004,p2,c2,ut2,b3b,ss2,of3,of1,of5,c1
1005,p1,c2,ut2,b3a,ss2,of1,of2,of5,c1
1006,p2,c1,b2a,b3a,ss2,of1,of2,of4,c2
1007,p2,c2,b2a,b3a,ss1,of3,of1,of5,c1
1008,p2,c2,b2a,b3b,ss2,of5,of4,of3,b2b
1009,p1,c2,b2a,b3a,ss1,of3,of2,of4,b2b
1010,p2,c1,ut2,b3b,ss2,of5,of1,of2,b2a
1011,p1,c2,b2b,b3a,ss2,of2,of5,of1,ut3
1012,p1,c1,b2b,b3a,ss2,of2,of3,of1,of5
1013,p2,c2,ut2,b3b,ss1,of3,of4,of1,ut3
1014,p2,c2,b2a,b3b,ut3,of1,of5,of2,ut1
1015,p2,c1,b2b,b3b,ss2,of3,of5,of1,ut3
1016,p1,ut1,b2b,b3a,ss2,of1,of5,of4,ut3
1017,p2,c1,b2b,b3b,ut3,of1,of5,of4,ut1
1018,p1,c2,ut2,b3a,ss2,of1,of4,of2,c1
1019,p1,c2,b2a,b3b,ss1,of2,of1,of4,ut2
1020,p1,ut1,ut2,b3b,ss1,of1,of4,of3,b3a
1021,p2,c1,b2b,b3b,ss2,of5,of1,of3,ss1
1022,p2,c2,b2b,b3a,ut3,of5,of1,of3,ss1
1023,p1,c1,b2a,b3b,ss1,of1,of3,of4,of5
1024,p2,c2,b2b,b3b,ut3,of1,of3,of4,c1
1025,p2,ut1,b2a,b3b,ut3,of1,of2,of4,c1
1026,p2,c1,ut2,b3a,ss2,of2,of5,of4,c2
1027,p2,c2,b2a,b3a,ss2,of5,of3,of4,ut1
1028,p1,ut1,b2b,b3a,ss1,of2,of1,of4,ut2
1029,p2,c2,ut2,b3b,ut3,of2,of5,of3,ss1
1030,p1,ut1,b2b,b3b,ut3,of2,of5,of4,of3
1031,p2,c2,ut2,b3a,ss2,of1,of5,of2,c1
1032,p2,c2,ut2,b3a,ss1,of1,of3,of5,ut1
1033,p1,ut1,b2b,b3a,ss2,of5,of2,of4,b2a
1034,p2,c2,b2a,b3a,ss1,of2,of5,of1,ut2
1035,p1,c1,b2b,b3a,ss2,of5,of1,of2,ut1
1036,p1,c1,b2b,b3b,ut3,of1,of4,of5,b2a
1037,p2,c1,b2b,b3a,ss2,of2,of4,of5,b3b
1038,p1,c1,b2a,b3a,ss1,of2,of3,of5,ut2
1039,p1,c1,b2b,b3b,ss2,of3,of1,of4,of5
1040,p1,c1,b2a,b3a,ss2,of2,of5,of3,ut2
1041,p2,c2,ut2,b3b,ss1,of1,of4,of5,b3a
1042,p2,ut1,b2a,b3b,ss1,of1,of2,of3,ss2
1043,p2,c1,b2a,b3b,ss2,of1,of3,of2,ut1
1044,p2,c2,b2b,b3a,ut3,of2,of5,of4,ut2
1045,p1,c2,b2b,b3b,ut3,of4,of5,of3,ut2
1046,p2,c1,ut2,b3b,ss1,of3,of5,of4,b3a
1047,p1,c2,ut2,b3a,ss1,of5,of3,of2,ut1
1048,p1,c1,b2b,b3b,ut3,of1,of4,of2,of3
1049,p1,ut1,b2b,b3a,ss2,of2,of3,of4,ss1
1050,p1,c1,b2a,b3a,ss2,of2,of4,of1,b2b
1051,p2,ut1,ut2,b3a,ss2,of1,of2,of4,b2a
1052,p1,c1,b2b,b3a,ss2,of1,of4,of5,ss1
1053,p2,c1,b2b,b3a,ut3,of2,of1,of4,ss1
1054,p2,c2,b2b,b3a,ss1,of1,of3,of5,ut1
1055,p2,c1,b2b,b3a,ss2,of1,of5,of2,ut2
1056,p2,c1,b2b,b3b,ss2,of2,of1,of3,ut2
1057,p2,c2,ut2,b3a,ss2,of1,of4,of5,ss1
1058,p2,c1,b2b,b3b,ut3,of2,of1,of5,b3a
1059,p2,c1,b2a,b3a,ss1,of2,of5,of4,of1
1060,p2,ut1,b2b,b3a,ss1,of1,of2,of3,b3b
1061,p2,c2,b2a,b3a,ss1,of4,of2,of5,b2b
1062,p2,c1,b2b,b3a,ss2,of4,of1,of5,c2
1063,p2,c2,b2b,b3b,ut3,of1,of2,of4,ss2
1064,p1,c2,ut2,b3a,ut3,of1,of5,of3,ss1
1065,p1,c2,ut2,b3a,ss2,of4,of5,of3,ss1
1066,p1,c2,ut2,b3a,ss2,of1,of5,of3,ut1
1067,p2,c2,b2a,b3a,ss1,of1,of3,of5,ss2
1068,p1,c2,ut2,b3a,ss1,of3,of2,of4,b2b
1069,p1,c1,b2b,b3b,ss2,of1,of4,of5,ss1
1070,p1,c2,b2a,b3b,ss2,of1,of3,of2,c1
1071,p2,c1,b2b,b3b,ut3,of5,of2,of4,of3
1072,p2,c1,b2b,b3b,ss2,of3,of1,of4,ut3
1073,p2,ut1,b2a,b3b,ss2,of1,of3,of4,b3a
1074,p1,c2,b2b,b3b,ut3,of1,of2,of4,c1
1075,p2,c1,b2a,b3b,ss1,of1,of2,of3,of4
1076,p1,c1,b2a,b3a,ss2,of5,of3,of2,b2b
1077,p1,c1,ut2,b3b,ss2,of2,of5,of3,of1
1078,p2,ut1,b2b,b3b,ut3,of2,of5,of3,ut2
1079,p2,c2,b2a,b3a,ss2,of2,of5,of1,ut3
1080,p2,c2,b2b,b3a,ut3,of2,of5,of1,ut2
1081,p1,c1,b2b,b3b,ss2,of4,of5,of3,ut2
1082,p1,ut1,ut2,b3b,ss1,of1,of4,of3,b2a
1083,p2,c1,b2b,b3b,ss2,of3,of1,of2,of5
1084,p2,c1,b2b,b3a,ut3,of4,of2,of5,ut1
1085,p1,ut1,b2b,b3a,ut3,of2,of3,of4,ss1
1086,p1,ut1,b2a,b3a,ss2,of3,of5,of4,ut2
1087,p1,c1,ut2,b3a,ut3,of1,of2,of5,ss1
1088,p1,ut1,b2b,b3a,ss2,of3,of5,of1,ut2
1089,p1,c1,ut2,b3a,ss2,of2,of5,of4,b2a
1090,p2,c1,b2a,b3a,ss1,of2,of5,of1,ut3
1091,p1,ut1,ut2,b3a,ss1,of1,of5,of4,c2
1092,p1,c1,b2b,b3b,ss1,of2,of1,of4,b2a
1093,p2,c1,b2a,b3b,ss1,of2,of3,of5,b3a
1094,p2,c2,b2a,b3a,ss2,of2,of5,of3,ut3
1095,p1,ut1,b2b,b3a,ut3,of2,of3,of1,ut2
1096,p1,c2,ut2,b3b,ss2,of1,of4,of5,ss1
1097,p1,c2,ut2,b3b,ut3,of3,of4,of1,c1
1098,p1,ut1,b2b,b3b,ss2,of5,of4,of3,ut2
1099,p2,ut1,b2b,b3a,ss1,of4,of2,of3,ss2
1100,p1,c1,b2b,b3a,ss2,of2,of1,of4,ut3
1101,p2,c1,b2b,b3b,ss1,of1,of3,of4,b3a
1102,p2,c2,b2a,b3b,ss1,of3,of4,of5,of2
1103,p2,c2,b2b,b3b,ss2,of1,of3,of4,c1
1104,p1,c1,ut2,b3b,ss2,of3,of1,of2,c2
1105,p1,ut1,b2b,b3b,ss1,of2,of5,of4,c1
1106,p2,ut1,b2a,b3b,ss1,of2,of5,of4,b2b
1107,p1,c2,b2a,b3b,ss2,of2,of5,of3,c1
1108,p2,ut1,ut2,b3a,ss2,of1,of2,of4,c2
1109,p1,c1,ut2,b3a,ss1,of3,of5,of4,c2
1110,p1,c2,ut2,b3a,ut3,of3,of5,of1,c1
1111,p2,c2,b2a,b3b,ss1,of1,of3,of4,ut1
1112,p2,c1,ut2,b3b,ss2,of2,of1,of3,ut1
1113,p1,c2,b2a,b3a,ss2,of2,of3,of5,of4
1114,p1,ut1,b2b,b3b,ss2,of3,of1,of4,of5
1115,p1,c2,b2b,b3b,ss1,of4,of5,of1,ut3
1116,p2,ut1,ut2,b3b,ss1,of3,of4,of1,c1
1117,p1,c2,b2a,b3a,ss1,of3,of4,of2,of5
1118,p2,c2,b2b,b3b,ss1,of4,of3,of5,b3a
1119,p1,ut1,b2b,b3b,ss2,of2,of1,of4,b2a
1120,p2,c2,ut2,b3b,ss2,of5,of4,of3,b2b
1121,p1,c2,b2a,b3b,ss1,of1,of3,of5,b2b
1122,p2,c2,ut2,b3a,ss2,of3,of2,of5,ss1
1123,p2,c2,b2a,b3a,ss2,of5,of3,of2,of1
1124,p2,c2,b2a,b3b,ss2,of1,of3,of2,c1
1125,p2,c1,ut2,b3b,ss2,of4,of2,of5,ss1
1126,p2,c1,b2b,b3b,ss2,of1,of4,of5,ss1
1127,p2,c1,b2b,b3b,ut3,of1,of4,of2,of5
1128,p2,c1,b2b,b3a,ss2,of4,of2,of3,ss1
1129,p1,ut1,b2a,b3a,ss2,of3,of5,of4,b3b
1130,p2,c2,ut2,b3b,ss1,of4,of5,of1,ut3
1131,p2,ut1,b2b,b3b,ss2,of1,of2,of4,c2
1132,p1,c1,b2a,b3b,ss2,of1,of5,of4,of3
1133,p2,c2,b2a,b3a,ss2,of4,of3,of2,ut1
1134,p2,c2,b2b,b3b,ss2,of4,of5,of3,b3a
1135,p1,c2,ut2,b3a,ss2,of1,of2,of5,of3
1136,p1,c2,b2a,b3b,ss1,of3,of4,of2,ut1
1137,p2,ut1,ut2,b3a,ss1,of1,of5,of2,ut3
1138,p2,ut1,b2b,b3b,ss2,of2,of1,of4,b2a
1139,p2,c1,b2b,b3b,ut3,of1,of4,of5,b3a
1140,p2,c2,b2b,b3b,ss2,of2,of4,of1,b3a
1141,p2,c2,ut2,b3a,ss2,of1,of3,of2,b3b
1142,p2,c1,ut2,b3a,ut3,of1,of4,of2,ss1
1143,p1,c1,ut2,b3a,ut3,of1,of5,of3,ss1
1144,p1,c2,b2b,b3b,ss1,of2,of4,of5,ss2
1145,p1,c2,b2a,b3b,ss2,of3,of5,of4,ss1
1146,p2,ut1,b2b,b3a,ss1,of1,of2,of3,c2
1147,p2,c1,b2b,b3b,ut3,of1,of4,of5,c2
1148,p2,ut1,b2a,b3a,ut3,of2,of1,of5,b2b
1149,p2,ut1,ut2,b3a,ss1,of4,of5,of2,ut3
1150,p2,ut1,b2b,b3a,ss2,of4,of3,of5,ss1
1151,p1,c1,ut2,b3b,ss1,of2,of5,of3,ut3
1152,p2,ut1,ut2,b3b,ss2,of3,of5,of1,of4
1153,p1,c1,ut2,b3b,ut3,of2,of5,of4,ss1
1154,p1,c1,b2a,b3b,ss2,of1,of3,of4,ut1
1155,p1,c1,ut2,b3a,ss2,of3,of4,of2,of5
1156,p2,c1,b2a,b3a,ss1,of2,of3,of5,ut2
1157,p1,c2,ut2,b3b,ss1,of3,of4,of1,of2
1158,p1,ut1,ut2,b3a,ss1,of2,of5,of4,of1
1159,p1,c2,b2b,b3b,ss1,of3,of5,of1,c1
1160,p2,c1,b2b,b3a,ss2,of1,of3,of2,ut2
1161,p2,c2,b2b,b3a,ut3,of5,of4,of3,ss1
1162,p2,c2,b2b,b3a,ss2,of5,of3,of2,of4
1163,p2,c1,b2b,b3a,ss2,of4,of2,of5,of1
1164,p2,c2,ut2,b3a,ut3,of1,of3,of5,ut1
1165,p1,c2,ut2,b3b,ss1,of2,of3,of5,ut3
1166,p1,c2,b2a,b3b,ss1,of1,of3,of2,b2b
1167,p2,c2,b2b,b3b,ss1,of4,of5,of1,ut2
1168,p2,c1,b2a,b3a,ss1,of2,of3,of5,b2b
1169,p1,c1,b2b,b3a,ut3,of2,of5,of3,c2
1170,p1,c2,ut2,b3b,ss2,of2,of4,of5,b3a
1171,p2,c2,b2b,b3b,ss2,of2,of5,of3,ut3
1172,p1,ut1,b2b,b3a,ss1,of3,of5,of4,c2
1173,p1,ut1,b2a,b3a,ss1,of5,of1,of3,b2b
1174,p1,c2,b2b,b3b,ss2,of2,of1,of5,ut3
1175,p1,c2,b2b,b3b,ut3,of2,of5,of1,c1
1176,p2,ut1,b2a,b3a,ss2,of4,of3,of5,ss1
1177,p2,c2,b2b,b3b,ss1,of2,of5,of3,c1
1178,p1,c2,b2a,b3b,ut3,of3,of1,of5,b2b
1179,p2,c1,b2b,b3a,ut3,of5,of2,of3,ss1
1180,p2,c2,b2a,b3b,ss1,of2,of3,of5,b3a
1181,p1,c1,ut2,b3b,ss1,of3,of5,of1,ut3
1182,p1,c1,ut2,b3b,ss2,of1,of3,of2,ut1
1183,p1,c1,b2a,b3b,ss1,of4,of5,of1,ut3
1184,p2,c2,b2b,b3b,ss1,of3,of5,of1,ss2
1185,p1,c2,b2a,b3b,ut3,of1,of5,of2,ut1
1186,p2,c2,ut2,b3b,ss1,of5,of3,of2,ut1
1187,p1,ut1,b2b,b3a,ss2,of5,of3,of1,ut3
1188,p2,c2,b2a,b3b,ss1,of3,of4,of2,ut1
1189,p1,c1,ut2,b3b,ss1,of3,of4,of1,b2a
1190,p2,c2,b2b,b3a,ss2,of2,of5,of4,b3b
1191,p2,c2,b2a,b3b,ss2,of5,of4,of3,c1
1192,p2,ut1,b2b,b3b,ss2,of4,of1,of5,b3a
1193,p1,c1,b2a,b3b,ss2,of1,of4,of2,of5
1194,p1,c2,b2a,b3b,ss2,of4,of5,of3,ut3
1195,p2,c2,ut2,b3b,ss1,of2,of3,of5,b3a
1196,p2,c1,b2b,b3b,ss2,of4,of2,of5,ss1
1197,p2,ut1,ut2,b3b,ut3,of3,of5,of2,c1
1198,p1,c2,b2a,b3b,ss2,of4,of1,of3,b3a
1199,p2,ut1,b2b,b3a,ss1,of4,of3,of1,of5
1200,p2,c1,b2b,b3b,ss2,of2,of5,of1,ut3
1201,p2,c2,b2b,b3a,ut3,of5,of2,of4,ut1
1202,p1,ut1,b2b,b3a,ss1,of1,of2,of4,ut3
1203,p1,ut1,ut2,b3a,ss1,of2,of5,of4,ss2
1204,p2,c1,b2b,b3a,ss2,of1,of4,of3,ut2
1205,p1,c2,b2a,b3b,ss2,of4,of5,of2,b3a
1206,p2,ut1,b2b,b3b,ut3,of1,of4,of5,c2
1207,p1,ut1,b2a,b3a,ss2,of1,of5,of4,of3
1208,p1,c1,ut2,b3b,ss2,of1,of5,of4,b3a
1209,p2,ut1,b2a,b3b,ss1,of2,of5,of3,ut2
1210,p2,c2,b2b,b3a,ss2,of1,of3,of2,c1
1211,p1,ut1,ut2,b3a,ss1,of1,of2,of5,c1
1212,p2,c1,b2a,b3a,ss2,of1,of2,of3,ut2
1213,p1,ut1,b2b,b3b,ss2,of5,of3,of1,ut2
1214,p1,c1,b2a,b3b,ut3,of2,of1,of3,b2b
1215,p2,c2,ut2,b3a,ss2,of2,of4,of5,ss1
1216,p1,c2,b2b,b3b,ss2,of3,of2,of1,c1
1217,p2,c1,b2b,b3b,ss2,of3,of4,of5,b3a
1218,p2,c2,b2a,b3b,ss1,of2,of1,of5,b2b
1219,p1,c1,b2b,b3b,ut3,of1,of4,of5,ut1
1220,p1,ut1,b2a,b3a,ss2,of2,of3,of4,of1
1221,p1,c1,b2a,b3a,ss2,of5,of1,of3,ut1
1222,p2,c2,b2a,b3b,ss1,of1,of3,of2,b2b
1223,p2,c2,b2a,b3b,ss2,of3,of2,of4,b3a
1224,p1,c1,b2b,b3b,ut3,of1,of4,of2,ut1
1225,p1,ut1,b2a,b3a,ss2,of2,of5,of4,of3
1226,p2,c1,b2a,b3b,ut3,of2,of5,of3,ut2
1227,p2,c2,b2a,b3b,ut3,of2,of5,of4,ut2
1228,p1,ut1,ut2,b3a,ut3,of1,of5,of3,ss1
1229,p2,c1,b2a,b3b,ss2,of4,of1,of3,ut1
1230,p1,c1,ut2,b3b,ss1,of4,of3,of1,b3a
1231,p1,c1,b2b,b3a,ss2,of3,of1,of5,ut3
1232,p1,c2,b2a,b3b,ut3,of2,of5,of3,c1
1233,p1,ut1,b2a,b3b,ut3,of5,of1,of3,ut2
1234,p1,c1,ut2,b3b,ss2,of3,of4,of2,b2a
1235,p1,c2,ut2,b3b,ss2,of3,of5,of1,of2
1236,p2,c1,b2b,b3a,ss2,of2,of5,of3,b3b
1237,p2,c1,b2a,b3a,ss2,of5,of3,of2,of1
1238,p2,c1,ut2,b3b,ss1,of5,of2,of1,ut3
1239,p2,c2,b2a,b3a,ss1,of3,of2,of1,ut3
1240,p2,ut1,b2b,b3a,ss1,of4,of2,of3,c2
1241,p2,c1,ut2,b3b,ss1,of4,of3,of2,b2b
1242,p2,c2,b2b,b3a,ut3,of5,of4,of3,of2
1243,p1,c2,b2b,b3a,ut3,of1,of2,of4,ut1
1244,p1,c1,ut2,b3b,ss1,of1,of4,of2,ut1
1245,p2,c2,b2a,b3b,ss1,of4,of3,of2,b2b
1246,p1,c1,b2a,b3b,ss1,of1,of5,of4,c2
1247,p1,ut1,b2b,b3a,ss1,of1,of2,of3,ut3
1248,p2,c2,b2b,b3a,ss2,of1,of3,of2,b3b
1249,p2,c2,b2b,b3b,ss2,of1,of5,of3,ut1
1250,p2,ut1,b2b,b3a,ss2,of1,of3,of4,ut3
1251,p1,c2,ut2,b3a,ss2,of1,of3,of5,of4
1252,p2,c1,ut2,b3a,ss1,of2,of5,of1,ut1
1253,p2,ut1,b2b,b3b,ut3,of3,of5,of1,c1
1254,p2,ut1,b2a,b3a,ss2,of4,of2,of5,ss1
1255,p2,c2,ut2,b3b,ss2,of2,of5,of3,c1
1256,p2,ut1,ut2,b3a,ss1,of5,of2,of3,of4
1257,p2,ut1,b2a,b3a,ut3,of3,of2,of5,b2b
1258,p1,c2,b2b,b3b,ss1,of3,of1,of4,ut2
1259,p2,ut1,b2b,b3a,ss2,of4,of1,of2,ut2
1260,p2,c1,b2a,b3b,ut3,of2,of1,of3,ut2
1261,p2,c2,ut2,b3b,ut3,of1,of5,of3,ss1
1262,p2,c2,b2a,b3b,ss2,of3,of2,of4,ut2
1263,p2,c2,b2b,b3a,ut3,of3,of2,of4,ut1
1264,p1,ut1,b2a,b3b,ss2,of3,of5,of2,ss1
1265,p2,ut1,b2a,b3a,ss1,of3,of2,of5,b2b
1266,p2,c2,b2b,b3b,ss1,of3,of2,of4,ut3
1267,p2,c2,b2a,b3b,ss2,of3,of1,of4,b2b
1268,p1,c1,ut2,b3b,ss1,of2,of5,of3,of1
1269,p2,c1,b2a,b3b,ss1,of3,of2,of4,ut2
1270,p1,c1,ut2,b3b,ss1,of2,of3,of5,b2b
1271,p2,ut1,b2b,b3b,ut3,of2,of3,of5,ss1
1272,p1,c1,b2a,b3b,ut3,of2,of1,of4,of5
1273,p2,ut1,ut2,b3a,ss1,of1,of3,of4,c1
1274,p2,c1,b2a,b3a,ss1,of2,of3,of1,ut2
1275,p2,c2,b2b,b3a,ut3,of2,of3,of4,ut2
1276,p2,c1,b2b,b3a,ut3,of2,of1,of5,ss2
1277,p2,c1,b2a,b3a,ss2,of5,of2,of3,ut2
1278,p1,c1,b2b,b3b,ss2,of4,of1,of2,of5
1279,p1,ut1,b2a,b3b,ut3,of2,of1,of5,of4
1280,p1,ut1,b2b,b3a,ss1,of4,of2,of3,c1
1281,p1,c2,b2a,b3a,ss2,of5,of3,of2,c1
1282,p2,c2,b2b,b3b,ss1,of2,of4,of1,ut3
1283,p1,ut1,b2a,b3b,ss2,of4,of1,of3,ut3
1284,p2,ut1,b2a,b3b,ut3,of1,of2,of4,b3a
1285,p1,c2,b2b,b3b,ss2,of3,of1,of4,ut2
1286,p2,c1,ut2,b3a,ss2,of2,of4,of5,b3b
1287,p2,ut1,b2a,b3a,ss2,of3,of2,of4,b2b
1288,p1,c2,b2b,b3a,ss1,of2,of3,of4,of1
1289,p2,c1,b2a,b3a,ss2,of1,of5,of4,ut1
1290,p2,ut1,ut2,b3a,ss2,of1,of3,of2,c1
1291,p2,c1,ut2,b3b,ss1,of1,of3,of4,of5
1292,p2,c1,b2b,b3a,ss1,of5,of3,of2,ut1
1293,p2,ut1,ut2,b3a,ut3,of1,of5,of3,ss1
1294,p1,c1,b2b,b3a,ss2,of4,of2,of3,of1
1295,p1,ut1,b2a,b3a,ut3,of2,of4,of5,ss1
1296,p2,c2,b2b,b3a,ut3,of1,of2,of5,ss2
1297,p1,c2,ut2,b3a,ss2,of5,of3,of2,c1
1298,p1,ut1,b2a,b3a,ut3,of2,of5,of4,c2
1299,p2,c2,ut2,b3b,ut3,of3,of5,of2,c1
1300,p2,c2,ut2,b3b,ss2,of1,of5,of2,ut1
1301,p1,c1,b2b,b3b,ut3,of2,of5,of3,c2
1302,p1,ut1,b2a,b3a,ss2,of3,of5,of4,c2
1303,p2,c2,ut2,b3a,ss2,of5,of1,of3,ss1
1304,p1,c1,b2b,b3b,ss2,of3,of4,of2,b3a
1305,p1,ut1,b2b,b3a,ss2,of5,of3,of1,c2
1306,p2,c2,ut2,b3b,ss2,of1,of2,of3,of5
1307,p2,c2,b2a,b3b,ss2,of1,of4,of3,c1
1308,p1,c2,ut2,b3a,ss2,of1,of2,of4,b3b
1309,p1,c1,b2b,b3a,ss1,of2,of3,of5,ut3
1310,p2,c2,b2a,b3b,ss2,of2,of3,of1,ut3
1311,p2,ut1,b2b,b3b,ss1,of1,of2,of4,b3a
1312,p2,ut1,b2a,b3a,ut3,of2,of1,of3,b2b
1313,p1,c1,b2a,b3a,ss2,of5,of2,of4,ut1
1314,p2,c2,b2a,b3b,ss1,of2,of5,of1,ut2
1315,p1,ut1,b2a,b3b,ut3,of1,of5,of4,b3a
1316,p1,c2,b2a,b3b,ss2,of4,of5,of1,ut3
1317,p2,c2,ut2,b3b,ss1,of3,of4,of5,of2
1318,p1,c1,b2a,b3b,ss1,of2,of4,of5,ss2
1319,p1,c1,b2b,b3b,ss2,of3,of1,of4,ut2
1320,p1,c1,ut2,b3a,ut3,of5,of3,of2,b2b
1321,p2,c1,b2b,b3a,ss2,of2,of3,of1,of5
1322,p1,c2,b2b,b3b,ss1,of3,of5,of1,ut3
1323,p1,ut1,ut2,b3b,ut3,of1,of2,of3,ss1
1324,p1,ut1,ut2,b3b,ss1,of2,of5,of4,of3
1325,p1,c2,b2a,b3b,ss1,of2,of3,of5,b2b
1326,p2,c2,ut2,b3b,ut3,of1,of4,of3,of5
1327,p2,c1,b2b,b3a,ss1,of1,of2,of4,b2a
1328,p1,c2,ut2,b3b,ss1,of2,of3,of4,b3a
1329,p2,c2,ut2,b3b,ss2,of2,of4,of3,b3a
1330,p1,c2,b2a,b3b,ss1,of4,of5,of1,ut3
1331,p2,c2,ut2,b3b,ut3,of3,of5,of4,c1
1332,p1,c1,b2b,b3b,ut3,of2,of5,of1,b3a
1333,p1,c2,ut2,b3b,ss2,of3,of4,of2,of5
1334,p2,c1,ut2,b3a,ss1,of3,of5,of4,c2
1335,p1,c2,b2b,b3b,ut3,of1,of2,of3,c1
1336,p2,c2,b2b,b3a,ss1,of2,of4,of1,of5
1337,p1,c1,ut2,b3b,ss2,of5,of4,of1,c2
1338,p1,c1,b2b,b3a,ss2,of2,of3,of4,c2
1339,p1,c2,ut2,b3b,ss1,of5,of1,of4,b2b
1340,p2,c1,b2a,b3b,ss1,of3,of4,of5,b2b
1341,p2,ut1,b2a,b3a,ss1,of1,of3,of5,ss2
1342,p1,c2,b2b,b3b,ss1,of2,of1,of4,ut2
1343,p2,c1,b2b,b3b,ut3,of1,of2,of3,ut1
1344,p1,ut1,ut2,b3a,ss1,of1,of5,of4,b2a
1345,p1,c1,ut2,b3b,ss2,of2,of1,of4,of5
1346,p1,c1,ut2,b3a,ss2,of2,of5,of4,ut1
1347,p2,c1,ut2,b3b,ss2,of1,of5,of2,ut1
1348,p1,c2,b2a,b3a,ss2,of2,of5,of4,ut3
1349,p2,c2,b2a,b3a,ss2,of3,of5,of1,ut3
1350,p2,c2,b2b,b3b,ut3,of2,of3,of4,c1
1351,p2,c2,b2a,b3a,ut3,of2,of3,of5,b2b
1352,p2,c1,ut2,b3b,ss1,of4,of5,of1,ut3
1353,p1,ut1,b2b,b3a,ut3,of2,of5,of4,of3
1354,p2,c2,b2b,b3a,ut3,of1,of2,of4,of3
1355,p1,ut1,b2b,b3a,ss2,of3,of2,of4,b2a
1356,p1,c2,b2a,b3a,ss2,of3,of4,of5,b2b
1357,p2,ut1,ut2,b3a,ss2,of4,of2,of3,ss1
1358,p1,c1,b2a,b3b,ss2,of2,of3,of1,ut3
1359,p2,ut1,b2b,b3a,ss2,of4,of3,of5,ut3
1360,p1,ut1,b2b,b3b,ut3,of4,of3,of5,ss1
1361,p2,c2,b2a,b3b,ut3,of3,of1,of5,b2b
1362,p2,c2,ut2,b3a,ss2,of3,of4,of5,ss1
1363,p2,c1,ut2,b3b,ss2,of1,of5,of4,b3a
1364,p2,c1,b2b,b3b,ss2,of4,of3,of5,ss1
1365,p1,c1,b2b,b3a,ut3,of2,of5,of3,ut1
1366,p1,ut1,b2a,b3a,ut3,of2,of4,of5,of1
1367,p2,c1,ut2,b3a,ss2,of5,of4,of1,ss1
1368,p1,c2,b2b,b3a,ss1,of2,of5,of4,b2a
1369,p1,c2,b2a,b3b,ss1,of5,of1,of4,b2b
1370,p2,c2,b2b,b3b,ut3,of1,of3,of4,ut1
1371,p1,c2,ut2,b3b,ss1,of3,of5,of1,ut3
1372,p2,c2,b2b,b3a,ss1,of1,of5,of2,ss2
1373,p2,c2,ut2,b3b,ut3,of2,of1,of3,ss1
1374,p1,ut1,b2a,b3a,ut3,of2,of4,of5,ut2
1375,p2,c1,b2a,b3a,ss2,of5,of2,of4,ut2
1376,p2,ut1,b2b,b3b,ss1,of1,of3,of2,ut3
1377,p1,c2,b2a,b3b,ss2,of5,of1,of4,b2b
1378,p1,c2,b2b,b3a,ss2,of3,of2,of4,b2a
1379,p2,c2,b2b,b3b,ss1,of2,of3,of1,ut3
1380,p2,c1,b2a,b3a,ss2,of2,of1,of3,ut1
1381,p1,c1,b2a,b3b,ss2,of3,of5,of1,ut3
1382,p1,ut1,b2a,b3a,ut3,of1,of5,of3,ss1
1383,p2,c1,ut2,b3a,ss1,of1,of4,of5,c2
1384,p1,c1,b2a,b3a,ss1,of2,of3,of1,ut2
1385,p1,ut1,b2a,b3b,ut3,of2,of4,of5,ut2
1386,p1,c1,b2b,b3a,ss2,of4,of5,of2,ut1
1387,p1,c1,b2b,b3a,ut3,of4,of1,of2,ut1
1388,p2,c2,ut2,b3b,ss1,of1,of3,of4,ut1
1389,p1,c1,ut2,b3a,ss2,of3,of5,of4,c2
1390,p2,c2,b2b,b3a,ss1,of4,of5,of3,of1
1391,p2,c2,b2b,b3b,ut3,of4,of5,of1,ut2
1392,p2,ut1,b2a,b3a,ss1,of2,of4,of5,of1
1393,p1,c1,b2a,b3b,ss2,of2,of5,of4,of3
1394,p1,c2,b2b,b3b,ut3,of2,of3,of5,b3a
1395,p2,c2,b2a,b3a,ss2,of1,of4,of5,ss1
1396,p2,c1,b2b,b3b,ss1,of1,of2,of4,ut3
1397,p2,ut1,b2b,b3a,ss2,of1,of2,of3,ut2
1398,p1,c1,b2a,b3a,ss2,of2,of1,of3,ut2
1399,p2,c1,b2b,b3b,ut3,of4,of3,of5,ss1
1400,p1,ut1,b2b,b3b,ss2,of2,of4,of5,b2a
1401,p2,c2,b2b,b3a,ut3,of1,of3,of5,ut1
1402,p1,c2,b2b,b3b,ss2,of3,of4,of5,b3a
1403,p2,c1,b2b,b3b,ss2,of1,of3,of4,ut1
1404,p2,c2,b2b,b3b,ss1,of4,of1,of5,b3a
1405,p2,ut1,ut2,b3b,ut3,of3,of2,of5,ss2
1406,p1,c2,b2b,b3a,ut3,of1,of2,of3,ss2
1407,p1,c2,ut2,b3b,ss2,of2,of1,of4,of5
1408,p2,ut1,b2a,b3a,ss2,of1,of5,of4,ut3
1409,p1,ut1,b2b,b3a,ss2,of5,of2,of4,ss1
1410,p2,c2,b2a,b3b,ut3,of2,of5,of4,of3
1411,p1,c1,b2a,b3b,ss1,of2,of4,of1,ut3
1412,p1,c1,b2b,b3a,ss2,of2,of5,of3,ut1
1413,p2,c1,b2a,b3b,ss1,of3,of2,of5,b2b
1414,p2,ut1,ut2,b3a,ss1,of1,of4,of3,b2b
1415,p1,c2,b2a,b3b,ss1,of5,of1,of4,ut2
1416,p1,c1,b2b,b3a,ss2,of1,of5,of3,b3b
1417,p2,ut1,ut2,b3a,ut3,of1,of2,of3,ss2
1418,p2,c1,b2b,b3a,ut3,of1,of5,of3,ut2
1419,p2,ut1,b2b,b3a,ut3,of5,of2,of4,ss2
1420,p1,c2,b2b,b3b,ss2,of2,of4,of1,b3a
1421,p2,c2,b2b,b3b,ss2,of2,of5,of3,ut1
1422,p2,ut1,ut2,b3b,ut3,of5,of4,of1,c1
1423,p2,ut1,ut2,b3b,ss2,of2,of1,of3,of5
1424,p2,c1,b2b,b3b,ss1,of3,of2,of4,ut1
1425,p2,c2,ut2,b3a,ss1,of3,of2,of1,c1
1426,p1,ut1,b2a,b3a,ss2,of5,of2,of1,c2
1427,p1,ut1,b2b,b3a,ss1,of1,of5,of4,b2a
1428,p1,c1,ut2,b3a,ut3,of5,of4,of2,ut1
1429,p2,c2,b2b,b3b,ut3,of5,of2,of4,ss2
1430,p1,c1,b2b,b3b,ut3,of1,of5,of2,ut1
1431,p2,c1,ut2,b3b,ss2,of3,of1,of5,of2
1432,p2,ut1,b2a,b3b,ut3,of1,of4,of5,b3a
1433,p2,c1,ut2,b3a,ut3,of1,of2,of3,ss1
1434,p2,c1,b2a,b3a,ss1,of5,of3,of1,ut2
1435,p2,c2,b2b,b3b,ss2,of2,of5,of3,b3a
1436,p1,c2,b2a,b3b,ss2,of3,of5,of1,ut3
1437,p2,c2,b2a,b3a,ss2,of2,of1,of5,b2b
1438,p2,ut1,b2a,b3b,ut3,of2,of1,of4,ut2
1439,p2,c2,b2b,b3b,ut3,of3,of5,of1,c1
1440,p2,c1,b2b,b3b,ut3,of4,of1,of5,ss1
1441,p2,c2,ut2,b3a,ss1,of4,of3,of5,ut1
1442,p2,ut1,ut2,b3a,ss2,of3,of2,of5,ut3
1443,p1,c2,ut2,b3a,ss2,of1,of4,of2,ss1
1444,p2,c2,b2b,b3a,ut3,of2,of5,of4,ss2
1445,p2,c2,b2b,b3a,ss1,of1,of3,of5,c1
1446,p1,c1,b2b,b3a,ss1,of4,of5,of3,ut2
1447,p1,ut1,b2b,b3a,ss2,of5,of3,of1,b3b
1448,p2,c1,ut2,b3a,ut3,of5,of4,of2,ut1
1449,p1,c2,b2b,b3a,ss2,of2,of5,of4,of1
1450,p1,c1,ut2,b3b,ut3,of5,of4,of2,ut1
1451,p1,c1,ut2,b3a,ss2,of2,of4,of1,b2b
1452,p1,c1,b2b,b3a,ss2,of3,of4,of1,c2
1453,p2,c1,b2b,b3a,ss2,of4,of1,of5,ss1
1454,p1,c1,b2b,b3b,ss1,of1,of2,of3,ut1
1455,p2,c2,b2b,b3b,ss2,of2,of1,of5,ut3
1456,p2,c1,b2b,b3b,ut3,of3,of1,of4,ss1
1457,p2,c2,b2b,b3b,ss1,of4,of5,of1,b2a
1458,p1,c2,b2b,b3a,ss1,of4,of2,of3,b3b
1459,p1,c2,b2b,b3a,ss2,of3,of5,of4,of1
1460,p1,ut1,b2a,b3b,ut3,of3,of1,of4,ut2
1461,p1,ut1,b2b,b3a,ss1,of2,of4,of1,c1
1462,p1,c1,b2b,b3b,ss1,of2,of3,of5,ss2
1463,p2,c1,ut2,b3b,ss1,of5,of1,of2,b2a
1464,p1,c1,ut2,b3a,ss2,of2,of4,of3,ut1
1465,p1,ut1,b2b,b3b,ss1,of3,of1,of4,ut3
1466,p1,c2,ut2,b3b,ss1,of2,of4,of5,ut3
1467,p1,c1,ut2,b3b,ut3,of3,of1,of4,of2
1468,p2,c2,b2a,b3b,ut3,of1,of5,of2,b3a
1469,p1,ut1,b2b,b3a,ss1,of5,of3,of1,ut3
1470,p2,c2,ut2,b3a,ut3,of5,of2,of4,c1
1471,p2,c1,ut2,b3a,ss1,of2,of1,of5,c2
1472,p2,c2,b2a,b3a,ss2,of5,of3,of2,ut2
1473,p2,c2,ut2,b3b,ss2,of2,of5,of3,b2a
1474,p2,c1,b2a,b3b,ut3,of1,of3,of5,b2b
1475,p2,c1,ut2,b3a,ss1,of1,of2,of5,b3b
1476,p1,c1,ut2,b3a,ss2,of5,of4,of3,ut1
1477,p1,c2,b2b,b3b,ss2,of4,of5,of3,of1
1478,p1,ut1,b2b,b3b,ss1,of2,of4,of5,b3a
1479,p1,c1,b2b,b3a,ut3,of4,of5,of2,ut1
1480,p2,ut1,b2a,b3a,ss1,of5,of1,of3,b2b
1481,p2,c2,b2b,b3b,ut3,of3,of5,of1,of2
1482,p2,c1,ut2,b3b,ss1,of2,of5,of3,ut1
1483,p1,ut1,ut2,b3b,ss1,of2,of5,of4,ss2
1484,p1,ut1,b2a,b3b,ss1,of1,of3,of4,c1
1485,p1,ut1,b2b,b3b,ss2,of3,of4,of5,b2a
1486,p2,ut1,ut2,b3b,ss2,of1,of2,of4,b2a
1487,p1,c2,b2b,b3b,ut3,of1,of5,of2,ut1
1488,p2,ut1,b2a,b3b,ut3,of1,of5,of3,of4
1489,p2,ut1,ut2,b3b,ss1,of1,of2,of4,b2a
1490,p2,c2,ut2,b3a,ut3,of2,of1,of3,ss1
1491,p2,ut1,b2a,b3a,ss1,of1,of5,of4,ut3
1492,p1,c2,b2a,b3a,ss2,of3,of2,of5,b2b
1493,p1,ut1,b2b,b3b,ss2,of3,of1,of4,c1
1494,p1,c1,b2b,b3a,ss1,of4,of5,of1,ut3
1495,p2,c1,ut2,b3a,ss2,of1,of2,of4,ut3
1496,p1,ut1,b2a,b3b,ss2,of2,of4,of3,b3a
1497,p1,ut1,b2b,b3a,ss1,of2,of4,of5,ut3
1498,p2,c1,b2b,b3b,ss2,of1,of5,of3,ut2
1499,p1,c1,ut2,b3a,ss2,of1,of3,of5,c2
1500,p1,c1,b2b,b3a,ss2,of3,of1,of5,b2a
1501,p1,c2,b2a,b3b,ut3,of4,of5,of3,ut2
1502,p1,c2,ut2,b3b,ss1,of3,of5,of1,ss2
1503,p1,c2,ut2,b3a,ss1,of5,of1,of2,b2b
1504,p1,c2,b2a,b3a,ss2,of2,of5,of3,ut1
1505,p2,c2,ut2,b3a,ss2,of1,of2,of5,ss1
1506,p1,ut1,b2a,b3a,ss2,of2,of4,of5,ss1
1507,p2,ut1,b2a,b3b,ss2,of4,of2,of3,ss1
1508,p2,c1,ut2,b3b,ss2,of5,of4,of3,b2b
1509,p2,c1,b2b,b3b,ss2,of2,of5,of4,ut1
1510,p2,ut1,b2b,b3b,ut3,of3,of5,of1,of2
1511,p1,c2,ut2,b3b,ss2,of2,of1,of3,ut3
1512,p2,ut1,b2a,b3b,ss1,of2,of5,of3,b2b
1513,p1,c1,b2b,b3b,ss2,of4,of2,of3,of1
1514,p2,ut1,ut2,b3a,ss1,of1,of2,of4,ss2
1515,p1,ut1,b2b,b3a,ss2,of5,of2,of3,c2
1516,p1,c2,b2a,b3a,ut3,of1,of4,of2,b2b
1517,p1,c1,b2b,b3a,ss2,of2,of1,of3,ut2
1518,p2,ut1,b2a,b3b,ss1,of1,of4,of3,ss2
1519,p2,c1,b2b,b3b,ut3,of1,of4,of3,of5
1520,p1,c1,ut2,b3b,ss1,of3,of5,of2,b2a
1521,p2,ut1,ut2,b3b,ss1,of2,of4,of3,of1
1522,p2,c2,ut2,b3a,ut3,of2,of1,of4,ss1
1523,p2,ut1,ut2,b3a,ut3,of1,of5,of3,ss2
1524,p1,c2,ut2,b3a,ss2,of3,of2,of4,b2a
1525,p2,c2,ut2,b3b,ut3,of3,of4,of1,c1
1526,p2,c2,b2a,b3b,ss1,of4,of2,of3,ut2
1527,p2,c1,b2a,b3b,ss2,of3,of4,of1,of5
1528,p2,c1,b2b,b3b,ss2,of1,of2,of3,ut1
1529,p2,c2,b2b,b3a,ss2,of5,of3,of2,of1
1530,p2,c1,ut2,b3a,ut3,of1,of5,of3,c2
1531,p2,c2,b2b,b3b,ut3,of1,of4,of3,of5
1532,p1,c1,ut2,b3a,ut3,of1,of3,of2,ut1
1533,p1,ut1,ut2,b3b,ss2,of2,of5,of4,c2
1534,p1,ut1,b2a,b3a,ss2,of4,of3,of5,ss1
1535,p2,c1,b2b,b3a,ut3,of2,of4,of5,b3b
1536,p1,c2,ut2,b3a,ss2,of2,of5,of4,of1
1537,p1,c2,ut2,b3b,ss1,of5,of3,of2,ut1
1538,p2,c2,ut2,b3b,ss2,of3,of5,of1,ut3
1539,p1,c2,b2b,b3b,ss2,of2,of5,of3,ss1
1540,p1,ut1,ut2,b3a,ss1,of2,of5,of4,of3
1541,p1,c1,b2b,b3b,ss2,of3,of4,of5,b2a
1542,p1,ut1,ut2,b3a,ss1,of2,of1,of4,of3
1543,p2,c1,ut2,b3b,ss2,of2,of5,of3,ss1
1544,p1,ut1,b2a,b3b,ss1,of1,of4,of3,ut3
1545,p1,c1,b2b,b3b,ss1,of1,of4,of5,ut2
1546,p2,c1,ut2,b3b,ss2,of2,of1,of3,ss1
1547,p2,c2,ut2,b3b,ss1,of2,of3,of4,ut1
1548,p2,c2,ut2,b3a,ss2,of1,of4,of2,ss1
1549,p1,ut1,b2b,b3b,ss1,of3,of5,of4,c1
1550,p1,c2,b2a,b3b,ss1,of3,of1,of4,ut2
1551,p2,ut1,ut2,b3b,ss1,of1,of4,of2,ss2
1552,p2,c1,b2b,b3b,ss1,of4,of5,of3,ut2
1553,p2,c1,b2a,b3b,ss2,of1,of5,of3,ut2
1554,p1,c2,ut2,b3a,ss2,of1,of4,of3,ss1
1555,p1,c2,b2b,b3b,ss1,of2,of3,of1,ut3
1556,p2,c2,ut2,b3a,ut3,of3,of2,of1,c1
1557,p1,ut1,b2a,b3b,ss1,of2,of3,of5,b2b
1558,p2,c2,ut2,b3a,ss2,of5,of1,of4,b2b
1559,p1,ut1,ut2,b3b,ss2,of2,of1,of4,ut3
1560,p1,ut1,ut2,b3a,ut3,of1,of2,of5,ss1
1561,p2,c1,ut2,b3b,ut3,of3,of2,of5,ss2
1562,p2,ut1,ut2,b3a,ss2,of3,of2,of4,ut3
1563,p2,c2,b2a,b3b,ss1,of2,of3,of4,b3a
1564,p2,c2,ut2,b3a,ss1,of1,of2,of5,ut1
1565,p1,c1,b2b,b3a,ss2,of3,of1,of2,ut1
1566,p1,ut1,ut2,b3a,ss1,of1,of2,of3,ss2
1567,p1,c2,b2b,b3a,ss1,of5,of2,of4,ut3
1568,p2,c1,b2a,b3b,ss2,of1,of4,of2,of5
1569,p1,c1,ut2,b3a,ss2,of1,of5,of4,ut1
1570,p1,c2,ut2,b3a,ut3,of2,of5,of3,ss1
1571,p2,ut1,b2b,b3a,ss2,of1,of2,of5,of3
1572,p1,c1,b2a,b3b,ss2,of3,of1,of4,ss1
1573,p2,ut1,ut2,b3b,ss2,of3,of2,of4,ut3
1574,p2,c2,b2a,b3b,ss2,of1,of5,of4,of3
1575,p1,c2,b2b,b3a,ss1,of3,of4,of2,of5
1576,p2,c2,b2a,b3a,ss2,of2,of3,of1,ut3
1577,p2,c2,b2a,b3a,ss1,of4,of1,of5,ut1
1578,p1,ut1,b2a,b3a,ut3,of3,of1,of5,b2b
1579,p2,ut1,b2a,b3a,ss2,of2,of1,of5,of3
1580,p1,ut1,b2b,b3b,ss1,of3,of4,of5,b3a
1581,p1,ut1,b2b,b3b,ss2,of5,of2,of1,ut3
1582,p1,c2,b2a,b3b,ss1,of1,of3,of5,b3a
1583,p2,c1,b2b,b3a,ss2,of2,of1,of4,ut3
1584,p2,ut1,b2b,b3a,ss2,of1,of2,of4,b2a
1585,p2,c1,b2a,b3a,ss1,of4,of1,of5,b2b
1586,p2,c2,b2b,b3b,ss1,of4,of5,of3,ut1
1587,p1,ut1,ut2,b3b,ss2,of1,of5,of4,c1
1588,p2,c2,ut2,b3b,ss2,of1,of5,of2,c1
1589,p2,ut1,b2b,b3a,ut3,of1,of5,of3,ut2
1590,p2,c2,ut2,b3b,ss2,of1,of5,of4,ut1
1591,p1,ut1,ut2,b3a,ss2,of2,of5,of4,c2
1592,p1,ut1,ut2,b3a,ss2,of3,of5,of4,c2
1593,p2,c1,b2b,b3b,ut3,of1,of2,of5,ss1
1594,p1,c1,b2b,b3b,ut3,of2,of1,of4,ut2
1595,p1,ut1,b2a,b3a,ss2,of1,of5,of3,ss1
1596,p2,c2,b2b,b3a,ss2,of2,of5,of1,b3b
1597,p2,ut1,b2a,b3b,ut3,of1,of4,of3,ss2
1598,p2,ut1,b2b,b3a,ss2,of3,of1,of5,ut2
1599,p2,ut1,b2a,b3a,ss2,of1,of2,of5,of4
1600,p1,c1,ut2,b3b,ss1,of2,of3,of1,ut3
1601,p2,c2,b2b,b3a,ss1,of2,of3,of4,c1
1602,p2,c2,ut2,b3a,ut3,of5,of2,of4,b2a
1603,p2,c1,b2b,b3a,ut3,of1,of5,of4,ut1
1604,p2,ut1,b2a,b3a,ss2,of2,of1,of5,ut2
1605,p2,c2,b2b,b3b,ss1,of4,of5,of3,of1
1606,p1,ut1,b2a,b3b,ut3,of2,of4,of5,c2
1607,p2,ut1,ut2,b3b,ss1,of3,of1,of4,ss2
1608,p1,ut1,b2b,b3a,ss1,of5,of2,of3,c1
1609,p1,c2,b2b,b3b,ss2,of4,of5,of1,of2
1610,p1,c1,ut2,b3b,ut3,of1,of5,of3,b2a
1611,p2,c2,b2a,b3b,ss1,of1,of3,of5,b2b
1612,p2,ut1,b2b,b3b,ss2,of2,of1,of4,of5
1613,p2,c2,b2b,b3b,ut3,of2,of5,of1,ut2
1614,p2,c2,b2a,b3b,ut3,of1,of3,of2,b2b
1615,p1,ut1,ut2,b3a,ss1,of2,of3,of1,of5
1616,p2,ut1,b2b,b3a,ut3,of3,of2,of5,ss1
1617,p1,ut1,b2b,b3a,ss1,of1,of2,of5,ss2
1618,p2,c1,b2a,b3a,ss1,of2,of5,of4,ut1
1619,p1,c1,b2b,b3b,ss1,of5,of3,of1,b3a
1620,p1,c2,ut2,b3b,ss1,of3,of4,of2,of5
1621,p2,ut1,b2b,b3b,ss2,of4,of1,of5,b2a
1622,p2,c1,b2b,b3a,ss1,of4,of5,of3,of1
1623,p2,ut1,ut2,b3b,ss2,of1,of4,of2,of5
1624,p2,c2,b2a,b3b,ut3,of1,of4,of2,b2b
1625,p1,c1,b2a,b3b,ss2,of3,of5,of1,of2
1626,p2,c1,ut2,b3a,ss2,of1,of5,of3,ut3
1627,p2,ut1,b2b,b3b,ss1,of3,of4,of2,ut3
1628,p2,c1,b2a,b3a,ss1,of4,of2,of5,b2b
1629,p1,ut1,b2a,b3a,ss1,of1,of3,of4,b2b
1630,p1,c2,b2a,b3a,ut3,of3,of1,of5,ss2
1631,p1,c2,b2b,b3a,ss1,of3,of4,of1,of5
1632,p2,c2,ut2,b3a,ss1,of4,of2,of5,b2b
1633,p2,ut1,ut2,b3b,ss1,of3,of4,of5,c1
1634,p1,ut1,b2b,b3b,ss2,of5,of4,of2,c2
1635,p2,c1,b2b,b3b,ss2,of2,of5,of1,ut2
1636,p1,c2,b2b,b3b,ss2,of3,of1,of2,ut3
1637,p2,c1,ut2,b3a,ss1,of1,of2,of4,c2
1638,p1,c2,b2a,b3a,ss1,of1,of5,of2,ut1
1639,p1,ut1,ut2,b3b,ut3,of2,of3,of5,ss1
1640,p1,ut1,b2b,b3b,ss2,of2,of3,of5,ss1
1641,p2,c2,b2b,b3b,ut3,of1,of3,of4,ss1
1642,p1,c2,b2a,b3a,ss2,of4,of3,of2,ut1
1643,p1,c2,b2b,b3a,ss1,of2,of5,of3,ss2
1644,p2,ut1,b2a,b3b,ss1,of1,of3,of4,b2b
1645,p1,c2,b2a,b3b,ss2,of1,of3,of5,b2b
1646,p2,c1,ut2,b3a,ss2,of4,of2,of5,b2b
1647,p2,c2,b2b,b3a,ss2,of4,of5,of3,ut2
1648,p1,ut1,ut2,b3b,ut3,of2,of4,of1,c1
1649,p2,c1,b2b,b3b,ss1,of3,of2,of4,of5
1650,p2,c2,b2b,b3a,ss2,of1,of3,of5,of4
1651,p2,c1,b2b,b3b,ss2,of4,of2,of5,of1
1652,p1,ut1,b2b,b3a,ss2,of5,of2,of4,ut3
1653,p1,c2,ut2,b3b,ut3,of2,of3,of5,b3a
1654,p2,c2,ut2,b3b,ss2,of1,of4,of5,ss1
1655,p2,c1,ut2,b3a,ss1,of1,of2,of4,b3b
1656,p2,c1,b2b,b3a,ss2,of2,of1,of3,ut3
1657,p1,c1,b2b,b3b,ss2,of3,of1,of4,b3a
1658,p2,ut1,ut2,b3a,ss2,of1,of2,of4,c1
1659,p2,c2,b2a,b3b,ss2,of3,of1,of5,b2b
1660,p1,ut1,b2a,b3b,ss2,of1,of5,of4,of3
1661,p1,ut1,b2a,b3b,ut3,of1,of4,of3,of5
1662,p2,ut1,b2a,b3a,ut3,of3,of1,of5,b2b
1663,p1,ut1,b2a,b3a,ss2,of3,of2,of5,ss1
1664,p2,ut1,b2b,b3a,ss1,of1,of2,of5,c1
1665,p1,c1,b2a,b3b,ss1,of1,of3,of4,of2
1666,p1,c2,b2a,b3b,ut3,of3,of4,of2,ut1
1667,p1,ut1,b2b,b3a,ss2,of2,of4,of1,of5
1668,p1,c1,b2b,b3b,ut3,of1,of3,of5,ss2
1669,p2,ut1,b2a,b3b,ss2,of5,of2,of3,of4
1670,p1,ut1,ut2,b3a,ut3,of2,of4,of5,b2b
1671,p2,ut1,ut2,b3b,ss2,of3,of2,of1,of4
1672,p1,c2,ut2,b3a,ss1,of1,of2,of5,ut3
1673,p2,c1,ut2,b3a,ss2,of5,of2,of1,b3b
1674,p2,c1,b2a,b3a,ss2,of1,of2,of5,of4
1675,p2,ut1,ut2,b3b,ss1,of3,of2,of1,ut3
1676,p2,ut1,ut2,b3b,ut3,of3,of1,of4,ss2
1677,p1,c2,b2a,b3b,ut3,of2,of5,of4,c1
1678,p1,ut1,b2a,b3a,ss2,of2,of4,of5,of1
1679,p2,c2,b2a,b3b,ss2,of4,of1,of3,ut1
1680,p1,c1,ut2,b3b,ss2,of3,of4,of1,c2
1681,p2,c1,b2a,b3a,ss2,of5,of2,of3,b3b
1682,p2,c2,b2a,b3a,ut3,of1,of3,of5,ut1
1683,p1,c2,b2b,b3b,ss2,of3,of5,of4,ut3
1684,p1,c2,b2a,b3b,ss2,of4,of3,of2,ut3
1685,p2,c2,b2a,b3a,ss1,of2,of5,of3,b2b
1686,p2,c2,b2a,b3a,ss1,of4,of1,of3,ss2
1687,p1,c1,ut2,b3b,ss2,of2,of5,of1,c2
1688,p2,c2,b2a,b3a,ss2,of2,of3,of5,b2b
1689,p2,ut1,b2a,b3b,ss2,of5,of1,of3,ut3
1690,p1,ut1,ut2,b3b,ss1,of2,of5,of4,c1
1691,p2,ut1,b2a,b3b,ss2,of3,of4,of5,ss1
1692,p2,c2,b2a,b3a,ss1,of5,of3,of2,of1
1693,p2,ut1,b2b,b3b,ss2,of5,of1,of3,ut3
1694,p1,ut1,b2b,b3a,ss1,of3,of4,of5,ut3
1695,p2,c2,b2a,b3b,ss1,of3,of1,of5,of2
1696,p1,c1,ut2,b3b,ut3,of1,of5,of3,ut1
1697,p1,c1,ut2,b3b,ss2,of3,of2,of5,ss1
1698,p1,c1,b2b,b3a,ut3,of2,of3,of1,ut2
1699,p2,ut1,b2b,b3b,ss1,of1,of2,of3,c2
1700,p2,c2,ut2,b3a,ss2,of5,of2,of4,b3b
1701,p2,c2,b2a,b3a,ss1,of1,of3,of2,ut2
1702,p2,c2,ut2,b3a,ut3,of2,of5,of1,c1
1703,p1,ut1,b2b,b3a,ut3,of2,of3,of1,b2a
1704,p2,ut1,ut2,b3a,ss2,of3,of5,of1,of4
1705,p1,ut1,b2b,b3a,ss1,of1,of2,of3,c2
1706,p2,c1,b2b,b3b,ss1,of1,of4,of3,of5
1707,p1,c2,ut2,b3a,ss1,of2,of1,of4,b2b
1708,p1,c2,b2b,b3a,ut3,of1,of3,of5,ut1
1709,p1,c2,b2a,b3a,ut3,of3,of1,of2,ut1
1710,p2,c2,b2b,b3b,ut3,of5,of3,of4,ut1
1711,p2,ut1,b2a,b3b,ut3,of3,of2,of5,ss1
1712,p2,c2,b2b,b3b,ss2,of1,of4,of3,of5
1713,p2,c2,ut2,b3a,ut3,of2,of5,of3,c1
1714,p1,c2,ut2,b3b,ut3,of1,of4,of2,ut1
1715,p1,c1,ut2,b3b,ss1,of3,of5,of1,b2a
1716,p2,c1,b2b,b3b,ss2,of3,of1,of2,b3a
1717,p1,ut1,ut2,b3a,ss2,of1,of5,of4,c2
1718,p1,c2,ut2,b3a,ut3,of1,of4,of5,ss1
1719,p1,c1,ut2,b3b,ss1,of1,of4,of3,ut1
1720,p2,c2,ut2,b3b,ss1,of3,of4,of5,c1
1721,p1,c1,b2a,b3b,ss1,of5,of2,of4,ut2
1722,p1,c2,b2a,b3b,ut3,of1,of4,of2,c1
1723,p1,c2,b2a,b3b,ut3,of1,of4,of3,ut1
1724,p1,ut1,ut2,b3a,ss1,of1,of2,of4,ut3
1725,p2,c1,b2b,b3a,ss2,of2,of5,of3,ut1
1726,p1,c2,b2b,b3b,ss1,of2,of4,of1,ut3
1727,p2,ut1,b2b,b3b,ss2,of5,of2,of3,b3a
1728,p2,c1,b2b,b3b,ss2,of2,of4,of5,b2a
1729,p2,c1,ut2,b3b,ss1,of1,of3,of2,of5
1730,p2,ut1,b2b,b3b,ss2,of2,of1,of3,of5
1731,p2,c2,ut2,b3a,ss2,of2,of3,of4,c1
1732,p2,ut1,b2b,b3b,ss2,of1,of3,of2,ut3
1733,p1,ut1,b2a,b3b,ss2,of1,of5,of3,ut3
1734,p2,ut1,b2a,b3a,ss2,of5,of1,of3,ut3
1735,p2,c1,ut2,b3b,ss2,of4,of5,of3,ut1
1736,p2,c2,b2b,b3b,ss2,of1,of3,of2,ut3
1737,p1,ut1,b2b,b3a,ss1,of1,of4,of3,ut3
1738,p1,c2,ut2,b3a,ut3,of2,of1,of4,b2b
1739,p1,ut1,b2b,b3b,ut3,of2,of1,of4,of3
1740,p1,ut1,b2b,b3a,ut3,of1,of2,of3,c1
1741,p2,ut1,b2a,b3b,ss2,of2,of5,of3,ut2
1742,p2,ut1,b2b,b3b,ss1,of2,of5,of3,ut2
1743,p2,ut1,b2a,b3a,ss2,of2,of1,of3,ut2
1744,p1,c2,b2b,b3a,ss2,of2,of3,of5,of1
1745,p2,ut1,ut2,b3b,ss1,of3,of5,of4,b3a
1746,p1,ut1,b2b,b3a,ss2,of5,of2,of3,b2a
1747,p2,c2,ut2,b3b,ut3,of3,of4,of2,of5
1748,p1,c2,ut2,b3b,ss2,of2,of5,of3,ut1
1749,p1,c2,ut2,b3b,ss2,of4,of5,of3,ut1
1750,p1,c2,b2a,b3b,ut3,of4,of5,of2,ut2
1751,p1,ut1,b2a,b3a,ss1,of2,of1,of5,b2b
1752,p2,ut1,b2a,b3b,ut3,of2,of3,of1,ut2
1753,p2,c1,b2b,b3a,ss2,of2,of1,of4,of3
1754,p1,c2,b2a,b3a,ut3,of1,of4,of2,ut1
1755,p2,c1,ut2,b3b,ut3,of3,of2,of1,ss2
1756,p1,ut1,ut2,b3a,ss1,of3,of5,of4,c2
1757,p2,ut1,b2b,b3b,ss2,of2,of4,of5,b2a
1758,p1,c1,b2b,b3b,ss1,of2,of1,of4,of5
1759,p2,c2,b2b,b3b,ss1,of2,of5,of3,b2a
1760,p2,c2,b2b,b3a,ut3,of5,of2,of3,c1
1761,p2,ut1,b2b,b3b,ss2,of4,of1,of2,of3
1762,p1,ut1,b2b,b3a,ss1,of4,of3,of1,ss2
1763,p2,ut1,b2a,b3a,ut3,of2,of5,of1,c1
1764,p2,ut1,b2a,b3a,ss1,of1,of5,of2,ut3
1765,p1,c2,b2a,b3b,ut3,of2,of1,of3,ut2
1766,p2,c2,b2a,b3b,ss1,of2,of4,of3,ss2
1767,p1,c1,b2b,b3b,ss1,of3,of1,of4,of2
1768,p2,c1,b2b,b3a,ss1,of1,of4,of5,c2
1769,p2,c1,b2a,b3b,ss2,of2,of4,of1,b2b
1770,p2,c2,b2b,b3b,ut3,of4,of5,of1,ss2
1771,p2,c2,b2a,b3a,ss2,of3,of2,of4,ut2
1772,p1,ut1,b2b,b3a,ut3,of2,of1,of4,b2a
1773,p1,c2,ut2,b3b,ss1,of2,of3,of1,b3a
1774,p2,c2,b2b,b3b,ss2,of2,of4,of3,b3a
1775,p2,c2,b2a,b3b,ss1,of4,of3,of5,b2b
1776,p1,ut1,b2b,b3a,ss2,of5,of4,of3,ut2
1777,p2,c1,b2b,b3b,ut3,of1,of5,of3,ut2
1778,p2,c2,b2a,b3b,ut3,of1,of4,of2,ut1
1779,p2,c1,ut2,b3b,ss2,of2,of4,of1,c2
1780,p1,ut1,ut2,b3b,ss2,of2,of5,of3,ut3
1781,p1,c2,ut2,b3a,ss1,of3,of4,of1,c1
1782,p2,c2,b2a,b3b,ut3,of1,of5,of3,ut1
1783,p2,c1,ut2,b3b,ss2,of2,of5,of4,c2
1784,p2,ut1,b2a,b3b,ss2,of2,of1,of5,ut2
1785,p1,c2,b2b,b3b,ss2,of1,of2,of3,ut1
1786,p2,c2,ut2,b3b,ut3,of2,of3,of5,b3a
1787,p2,c1,b2b,b3b,ut3,of2,of1,of3,b3a
1788,p2,ut1,ut2,b3b,ss2,of3,of5,of1,ut3
1789,p1,ut1,b2b,b3a,ss2,of2,of3,of1,ut3
1790,p1,c2,b2a,b3a,ss2,of2,of1,of4,b2b
1791,p1,ut1,ut2,b3a,ss1,of5,of2,of3,b2b
1792,p1,ut1,b2b,b3b,ss2,of2,of3,of4,ut2
1793,p2,c1,b2b,b3b,ut3,of2,of1,of3,c2
1794,p2,c1,b2a,b3a,ss2,of4,of2,of5,c2
1795,p2,c1,b2a,b3b,ss2,of5,of1,of3,ut1
1796,p2,ut1,ut2,b3b,ss2,of4,of5,of3,ss1
1797,p1,ut1,b2b,b3b,ss1,of3,of2,of5,b3a
1798,p1,c2,b2a,b3a,ut3,of2,of1,of5,ut1
1799,p2,ut1,b2b,b3a,ut3,of2,of5,of3,ut2
1800,p2,c1,b2b,b3a,ss1,of5,of2,of4,of3
1801,p1,c2,ut2,b3b,ut3,of3,of5,of2,c1
1802,p2,c2,b2a,b3b,ss1,of2,of4,of5,b3a
1803,p1,ut1,b2b,b3a,ss2,of1,of3,of4,c2
1804,p2,ut1,b2b,b3a,ss1,of1,of4,of3,ss2
1805,p1,ut1,b2b,b3a,ss2,of5,of4,of1,ss1
1806,p1,c2,ut2,b3b,ss1,of3,of2,of5,c1
1807,p1,ut1,ut2,b3a,ss2,of1,of2,of4,c1
1808,p1,c1,b2b,b3a,ss2,of4,of2,of3,ss1
1809,p1,c2,ut2,b3a,ss1,of4,of2,of1,c1
1810,p1,ut1,b2b,b3a,ss1,of1,of2,of5,c1
1811,p1,ut1,ut2,b3b,ss2,of2,of1,of5,b3a
1812,p1,c2,ut2,b3a,ut3,of2,of5,of4,ss1
1813,p1,c2,b2a,b3b,ut3,of1,of4,of5,b2b
1814,p1,ut1,b2a,b3b,ut3,of2,of1,of3,of4
1815,p1,ut1,ut2,b3b,ut3,of2,of4,of1,b3a
1816,p1,ut1,ut2,b3a,ss1,of3,of2,of5,ss2
1817,p2,c2,ut2,b3a,ut3,of5,of2,of3,ss1
1818,p1,c1,b2b,b3a,ut3,of5,of1,of2,ut1
1819,p2,c1,b2b,b3a,ss1,of2,of3,of1,of5
1820,p2,ut1,ut2,b3a,ut3,of1,of2,of3,ss1
1821,p2,c1,b2a,b3b,ss2,of2,of4,of1,ut3
1822,p2,c1,b2b,b3b,ss2,of3,of1,of2,b2a
1823,p1,c2,b2a,b3a,ut3,of2,of1,of4,ut2
1824,p1,c2,ut2,b3a,ss2,of3,of1,of4,b2b
1825,p2,ut1,b2a,b3a,ss2,of5,of1,of4,b2b
1826,p1,c2,b2a,b3b,ss2,of1,of4,of3,c1
1827,p1,ut1,b2b,b3a,ss2,of5,of2,of3,of4
1828,p1,c1,b2a,b3b,ss2,of1,of5,of3,b3a
1829,p2,c2,ut2,b3b,ss1,of3,of4,of5,b3a
1830,p1,c2,ut2,b3a,ut3,of2,of5,of4,of3
1831,p1,c2,ut2,b3b,ss2,of2,of4,of3,ut3
1832,p2,c2,b2a,b3b,ut3,of2,of3,of5,b3a
1833,p1,ut1,b2b,b3b,ut3,of1,of2,of3,c1
1834,p1,c1,b2b,b3a,ss2,of1,of4,of2,ss1
1835,p2,c2,b2a,b3b,ss1,of2,of5,of3,c1
1836,p2,c2,b2a,b3b,ss1,of1,of4,of3,ut3
1837,p1,ut1,ut2,b3b,ut3,of3,of2,of1,of5
1838,p1,c1,ut2,b3a,ss2,of1,of2,of5,ut3
1839,p1,c2,b2a,b3b,ss2,of3,of1,of4,ut2
1840,p1,c2,ut2,b3a,ss2,of2,of5,of4,ut3
1841,p2,c1,ut2,b3a,ss1,of3,of2,of4,b3b
1842,p1,c2,ut2,b3b,ss2,of2,of4,of5,ut3
1843,p1,c2,b2b,b3b,ut3,of2,of4,of1,b3a
1844,p1,c1,ut2,b3b,ut3,of2,of5,of1,b2a
1845,p2,ut1,b2b,b3a,ut3,of2,of1,of3,ut2
1846,p1,c1,ut2,b3b,ss2,of2,of4,of1,b2b
1847,p1,c1,ut2,b3b,ss2,of4,of3,of2,ut3
1848,p1,c2,b2a,b3a,ss2,of2,of1,of3,ut1
1849,p2,ut1,b2b,b3a,ss1,of1,of3,of4,ut3
1850,p2,c2,b2a,b3b,ss1,of2,of3,of4,c1
1851,p2,c2,b2a,b3b,ut3,of1,of4,of2,b3a
1852,p1,c2,ut2,b3b,ss2,of3,of5,of2,c1
1853,p1,ut1,b2a,b3b,ut3,of2,of1,of5,b2b
1854,p2,c1,b2b,b3a,ss2,of2,of1,of5,b3b
1855,p2,c2,b2a,b3a,ss2,of4,of5,of1,ut3
1856,p1,ut1,ut2,b3b,ss2,of3,of5,of4,c1
1857,p1,ut1,b2a,b3b,ss1,of1,of2,of3,b2b
1858,p1,c2,b2b,b3b,ss1,of1,of4,of3,ut1
1859,p2,c1,b2b,b3b,ss1,of1,of2,of3,ut3
1860,p1,ut1,b2a,b3b,ut3,of2,of4,of1,b3a
1861,p2,c2,ut2,b3b,ss2,of1,of3,of2,of4
1862,p1,c2,b2a,b3a,ss2,of4,of3,of2,ss1
1863,p2,c1,b2b,b3a,ss2,of4,of1,of5,ut3
1864,p2,c1,b2b,b3b,ut3,of2,of3,of5,ss1
1865,p2,ut1,ut2,b3a,ss1,of1,of4,of5,ss2
1866,p2,ut1,b2b,b3a,ut3,of1,of2,of4,of3
1867,p2,c2,b2a,b3b,ss1,of3,of1,of4,b2b
1868,p1,c2,b2a,b3b,ss2,of4,of3,of2,ss1
1869,p1,c2,b2b,b3a,ss2,of3,of5,of1,ut3
1870,p1,c2,ut2,b3a,ss2,of1,of2,of3,b3b
1871,p2,ut1,b2b,b3b,ut3,of1,of3,of5,c2
1872,p2,c1,b2b,b3b,ut3,of5,of2,of4,ut1
1873,p2,c1,ut2,b3b,ss2,of4,of5,of2,ut1
1874,p2,c2,b2a,b3b,ut3,of3,of4,of1,ss2
1875,p1,c1,b2b,b3a,ss1,of3,of1,of4,of2
1876,p2,ut1,ut2,b3a,ss2,of4,of1,of5,c2
1877,p1,c2,ut2,b3b,ss1,of3,of4,of1,ss2
1878,p1,c2,b2a,b3a,ut3,of2,of5,of3,ss1
1879,p1,c2,b2b,b3a,ss1,of4,of2,of5,b3b
1880,p2,ut1,b2a,b3a,ss2,of4,of5,of2,ut2
1881,p2,c2,b2b,b3a,ss1,of2,of4,of1,ut3
1882,p2,ut1,b2b,b3a,ss2,of2,of3,of5,ss1
1883,p1,c1,b2b,b3a,ut3,of1,of3,of5,ut1
1884,p1,c1,ut2,b3a,ss1,of2,of3,of4,of1
1885,p2,c2,b2b,b3b,ss2,of2,of4,of3,b2a
1886,p1,ut1,ut2,b3a,ss2,of2,of1,of3,ut3
1887,p2,ut1,ut2,b3a,ss2,of4,of5,of2,ut3
1888,p2,ut1,b2a,b3a,ss1,of2,of4,of3,ut2
1889,p2,c2,ut2,b3b,ss2,of4,of5,of1,b2b
1890,p1,c2,b2a,b3b,ss2,of4,of3,of1,ss1
1891,p2,ut1,b2a,b3a,ss2,of1,of5,of4,ut2
1892,p1,ut1,b2b,b3b,ss2,of3,of4,of1,c2
1893,p2,c1,ut2,b3b,ss2,of2,of1,of4,of5
1894,p2,c2,b2a,b3b,ss1,of1,of3,of4,b3a
1895,p2,ut1,b2a,b3b,ut3,of2,of3,of1,b2b
1896,p2,c1,b2b,b3a,ss2,of3,of1,of5,c2
1897,p2,c2,b2a,b3b,ss1,of5,of4,of1,of2
1898,p1,c2,ut2,b3b,ss2,of3,of5,of4,ut3
1899,p2,c2,ut2,b3a,ss2,of1,of5,of3,ut3
1900,p1,c1,b2a,b3b,ss1,of1,of3,of2,ut1
1901,p2,ut1,ut2,b3a,ut3,of2,of5,of1,b3b
1902,p1,c2,b2a,b3b,ss1,of3,of1,of4,b2b
1903,p1,c1,ut2,b3a,ut3,of2,of5,of3,of1
1904,p2,ut1,ut2,b3a,ss1,of2,of3,of1,of5
1905,p2,ut1,b2a,b3b,ut3,of2,of4,of5,c2
1906,p2,c2,b2b,b3b,ut3,of2,of5,of1,c1
1907,p2,c2,b2b,b3b,ss1,of1,of5,of3,ut2
1908,p2,c1,b2b,b3b,ut3,of1,of5,of4,ut2
1909,p2,c1,b2b,b3b,ss2,of4,of1,of3,ut2
1910,p1,c2,b2a,b3a,ss2,of4,of5,of1,ut2
1911,p1,ut1,b2b,b3b,ss1,of2,of5,of3,ut2
1912,p2,ut1,ut2,b3a,ss2,of1,of4,of2,of5
1913,p1,c2,ut2,b3b,ut3,of3,of4,of2,of5
1914,p1,c2,ut2,b3a,ss1,of2,of1,of4,b2a
1915,p1,ut1,b2b,b3a,ss1,of1,of5,of3,c2
1916,p2,c2,b2a,b3b,ss2,of1,of4,of5,b3a
1917,p2,c2,ut2,b3b,ut3,of4,of5,of2,c1
1918,p2,c1,ut2,b3a,ut3,of1,of2,of5,ss1
1919,p1,ut1,b2a,b3b,ss1,of2,of5,of3,ut3
1920,p1,ut1,b2a,b3a,ut3,of2,of3,of1,ss2
1921,p2,ut1,ut2,b3b,ss2,of3,of2,of5,of4
1922,p2,ut1,b2a,b3b,ss2,of3,of2,of4,b2b
1923,p2,ut1,ut2,b3b,ss2,of3,of5,of4,ut3
1924,p1,ut1,b2b,b3b,ut3,of1,of4,of5,b3a
1925,p2,c2,ut2,b3b,ut3,of2,of5,of1,ss1
1926,p2,c2,ut2,b3a,ss1,of1,of2,of4,b2a
1927,p2,c1,b2b,b3a,ss2,of1,of5,of3,ut3
1928,p1,c1,b2b,b3a,ut3,of4,of1,of5,ut1
1929,p2,c1,ut2,b3a,ss2,of1,of5,of3,b3b
1930,p2,c1,b2b,b3a,ut3,of2,of4,of1,b3b
1931,p2,ut1,b2a,b3b,ss1,of1,of2,of4,ut3
1932,p2,ut1,b2b,b3b,ss2,of2,of4,of3,b3a
1933,p2,c2,b2a,b3a,ss1,of3,of4,of5,ss2
1934,p2,c2,b2a,b3a,ss1,of5,of2,of3,c1
1935,p2,c1,b2a,b3b,ss1,of1,of2,of3,ut2
1936,p2,c1,b2b,b3b,ss1,of3,of2,of4,ut3
1937,p1,ut1,b2a,b3b,ss2,of2,of1,of4,ut2
1938,p1,ut1,ut2,b3b,ss2,of2,of5,of4,ut3
1939,p2,c2,b2b,b3b,ut3,of2,of3,of5,b3a
1940,p2,c2,ut2,b3b,ss2,of1,of4,of5,b3a
1941,p1,c2,ut2,b3a,ss1,of5,of1,of2,b2a
1942,p2,c2,b2b,b3a,ut3,of2,of5,of3,ss2
1943,p1,c2,b2b,b3b,ss2,of2,of5,of4,ut3
1944,p1,ut1,b2a,b3b,ss2,of1,of3,of5,b2b
1945,p1,c2,ut2,b3b,ss2,of1,of4,of2,ut3
1946,p2,c2,ut2,b3b,ss2,of4,of5,of3,ut1
1947,p2,c2,b2a,b3b,ss1,of1,of4,of5,ut3
1948,p1,ut1,b2a,b3a,ss2,of5,of1,of4,b2b
1949,p1,c2,b2a,b3a,ss2,of4,of1,of2,ut1
1950,p2,c1,b2b,b3b,ss2,of2,of1,of3,ut3
1951,p1,ut1,b2a,b3a,ss1,of2,of5,of3,of1
1952,p2,c1,ut2,b3b,ss2,of5,of1,of4,b2a
1953,p1,ut1,b2b,b3b,ut3,of5,of1,of4,of3
1954,p2,c2,b2a,b3a,ss2,of5,of1,of2,ut2
1955,p2,c2,b2a,b3b,ss2,of5,of4,of2,b2b
1956,p1,c2,ut2,b3b,ss1,of5,of1,of4,b3a
1957,p2,c2,ut2,b3b,ss1,of3,of1,of5,of2
1958,p2,c1,b2a,b3b,ss1,of2,of4,of5,ss2
1959,p2,c1,ut2,b3b,ss1,of2,of3,of4,ut1
1960,p1,c1,b2b,b3b,ss2,of2,of4,of5,ut1
1961,p2,c2,b2a,b3b,ut3,of2,of4,of5,b3a
1962,p2,c2,ut2,b3b,ss2,of1,of2,of4,of5
1963,p2,c1,b2a,b3b,ut3,of5,of2,of4,ut2
1964,p2,ut1,b2b,b3b,ut3,of1,of3,of4,c1
1965,p1,c2,b2b,b3a,ss2,of2,of3,of4,ss1
1966,p1,ut1,ut2,b3a,ss2,of1,of5,of3,ss1
1967,p1,ut1,ut2,b3a,ut3,of2,of5,of3,ss1
1968,p1,c1,b2b,b3b,ss1,of3,of4,of2,of5
1969,p2,ut1,b2b,b3b,ut3,of3,of2,of5,ss2
1970,p1,c1,b2b,b3a,ss2,of2,of5,of1,c2
1971,p1,c1,ut2,b3a,ss1,of1,of2,of4,b3b
1972,p2,c2,b2a,b3b,ut3,of5,of3,of2,ut1
1973,p2,c1,ut2,b3a,ss1,of1,of3,of2,of4
1974,p1,c1,b2b,b3b,ut3,of5,of2,of4,of3
1975,p2,c2,b2b,b3a,ss2,of1,of5,of3,ut2
1976,p1,c1,b2b,b3a,ss2,of1,of5,of4,ut2
1977,p1,ut1,b2b,b3b,ut3,of3,of1,of4,b2a
1978,p1,c2,ut2,b3b,ut3,of1,of5,of4,b3a
1979,p1,c2,ut2,b3a,ss1,of5,of4,of2,b2b
1980,p2,c2,b2b,b3b,ss1,of4,of5,of2,b2a
1981,p1,c1,ut2,b3b,ss1,of3,of5,of4,c2
1982,p2,c2,ut2,b3b,ss2,of1,of4,of5,c1
1983,p2,ut1,ut2,b3a,ss1,of4,of3,of5,b2b
1984,p1,c2,b2b,b3a,ss1,of1,of5,of4,ss2
1985,p2,ut1,b2b,b3b,ss1,of4,of3,of5,b3a
1986,p1,ut1,ut2,b3a,ss1,of1,of2,of3,b2b
1987,p2,ut1,ut2,b3a,ut3,of1,of4,of3,ss2
1988,p2,ut1,ut2,b3b,ss2,of4,of2,of5,b3a
1989,p1,ut1,b2a,b3a,ss2,of4,of3,of2,ut2
1990,p2,c2,ut2,b3a,ss1,of1,of3,of2,ut1
1991,p2,ut1,b2a,b3a,ss2,of3,of5,of2,ut2
1992,p2,c1,b2b,b3b,ss2,of3,of4,of5,b2a
1993,p2,ut1,ut2,b3a,ss1,of1,of2,of4,of5
1994,p2,ut1,ut2,b3b,ss2,of4,of1,of5,b3a
1995,p1,c2,b2b,b3a,ss1,of4,of3,of1,ss2
1996,p1,ut1,b2b,b3a,ss1,of1,of4,of3,ut2
1997,p2,c2,b2a,b3b,ss1,of5,of3,of4,c1
1998,p2,ut1,ut2,b3a,ss1,of1,of3,of4,of5
1999,p1,ut1,ut2,b3a,ss2,of1,of3,of2,c1
