mean,std,p75,p90,p99,top_50pct_rate,top_10pct_rate,top_1pct_rate,lineup_id,rank_p99,selected_rank
94.76701,19.698933,107.45276,118.848495,146.85254,0.639,0.195,0.034,15,198,1
95.26775,19.890232,108.726715,119.81396,146.68433,0.643,0.208,0.031,726,332,2
94.969894,19.55396,108.494835,118.94542,146.19847,0.636,0.19,0.024,173,1811,3
94.935295,19.324268,107.702126,119.52505,145.59496,0.628,0.193,0.029,1246,1490,4
93.937935,20.83273,107.870415,119.13007,144.98444,0.58,0.208,0.048,135,1093,5
96.13176,19.181133,109.77955,120.47243,144.24544,0.687,0.202,0.03,100,1379,6
94.60044,19.389698,107.63828,119.54432,143.4934,0.613,0.194,0.034,178,252,7
93.357666,19.879002,106.98169,118.272,142.92044,0.577,0.179,0.03,197,115,8
93.489136,20.00777,107.00084,119.0388,142.89624,0.578,0.161,0.032,567,1342,9
92.85555,19.483364,106.02956,117.33918,142.88583,0.561,0.167,0.033,1144,961,10
93.01628,19.497036,105.275925,117.55131,142.44807,0.571,0.153,0.015,1585,1419,11
94.11251,18.860857,107.14981,119.49488,142.42793,0.614,0.159,0.026,49,584,12
94.09976,19.174406,107.225494,117.78806,142.35338,0.604,0.168,0.024,1159,1330,13
93.15806,20.474909,106.45042,120.2066,142.25858,0.572,0.193,0.041,1484,1267,14
93.86017,20.136593,107.327385,118.78279,141.94601,0.579,0.209,0.035,130,899,15
93.94428,19.067896,107.381035,118.89246,141.86679,0.607,0.172,0.019,252,1880,16
92.869606,19.10011,104.98703,117.81687,141.73373,0.562,0.154,0.017,524,144,17
94.21489,18.864594,106.46126,117.969246,141.70798,0.621,0.142,0.017,496,200,18
94.776474,19.389668,108.170815,119.484436,141.64453,0.627,0.186,0.019,324,1405,19
94.31877,19.594707,108.5209,119.71416,140.95473,0.612,0.196,0.035,1006,743,20
93.67589,18.940845,105.89407,117.8591,140.89987,0.622,0.128,0.011,14,82,21
93.72362,19.811821,106.750175,119.09509,140.78804,0.593,0.188,0.027,1372,1718,22
91.84247,20.882347,106.48601,118.44249,140.75842,0.502,0.18,0.034,138,61,23
94.029655,18.147133,106.10806,116.84633,140.74371,0.618,0.123,0.019,231,81,24
93.84831,19.388624,106.02085,120.140434,140.73228,0.591,0.186,0.035,1050,1951,25
93.161064,19.948938,106.393585,118.791245,140.52814,0.575,0.168,0.028,418,43,26
94.765625,19.046907,107.35074,119.01319,140.45123,0.626,0.193,0.023,4,995,27
94.44228,19.13996,106.92119,119.17478,140.30257,0.618,0.193,0.03,457,866,28
93.97839,19.024725,106.8194,118.43767,140.23373,0.601,0.151,0.016,189,1791,29
93.27137,19.454031,106.453476,117.501526,140.19722,0.57,0.169,0.026,1617,1235,30
91.36681,20.295319,105.39064,117.87223,140.18225,0.521,0.176,0.036,1378,1741,31
92.81653,19.318104,105.77298,117.4145,140.14601,0.562,0.127,0.014,1222,217,32
93.48323,19.736593,107.10246,118.996025,140.08199,0.592,0.174,0.035,1210,544,33
93.480484,19.154224,106.669876,119.267105,140.03525,0.578,0.183,0.028,1281,1729,34
93.94609,19.279171,107.09815,118.777885,140.02141,0.607,0.157,0.018,32,212,35
92.9796,19.461061,106.161026,117.83697,139.98091,0.559,0.158,0.025,1601,552,36
94.34434,19.00423,107.358475,119.23188,139.84972,0.623,0.175,0.011,30,1060,37
94.21013,19.023205,106.676834,118.2216,139.82349,0.629,0.158,0.025,883,288,38
94.80823,19.321373,108.24276,119.42579,139.7538,0.626,0.223,0.029,1970,791,39
93.47047,18.531794,105.694336,118.226494,139.70837,0.594,0.109,0.008,1767,1663,40
93.61031,19.804117,106.40773,118.707756,139.6849,0.578,0.166,0.031,133,884,41
92.33389,18.737774,105.131744,116.418015,139.61687,0.543,0.137,0.019,79,419,42
92.02571,18.87732,104.7406,115.3126,139.60312,0.531,0.107,0.005,343,328,43
94.13945,18.940641,106.97375,118.48557,139.57109,0.607,0.163,0.016,76,1835,44
94.19125,19.47643,107.64944,118.78219,139.5539,0.6,0.167,0.023,111,235,45
92.16658,19.714172,105.77504,117.621826,139.54439,0.546,0.154,0.027,112,1129,46
94.51764,19.301464,107.27111,119.21673,139.46706,0.619,0.177,0.031,110,1211,47
93.27545,19.626114,106.026,117.95409,139.41661,0.575,0.16,0.019,1101,1307,48
90.99675,19.201376,103.493645,115.57513,139.4068,0.496,0.086,0.005,1605,1440,49
93.32595,19.41292,106.25233,118.61284,139.4046,0.602,0.14,0.013,23,1586,50
92.538185,19.153158,105.45462,118.09396,139.35335,0.565,0.111,0.016,1146,1637,51
93.05026,18.876095,106.130486,116.24402,139.33905,0.561,0.143,0.019,126,1610,52
93.21348,19.05095,105.35006,117.655556,139.32004,0.578,0.159,0.027,1808,1045,53
93.39254,18.76903,106.17613,117.0673,139.2952,0.58,0.135,0.017,1984,382,54
92.827446,18.240034,105.12118,116.34345,139.24332,0.571,0.113,0.008,64,1639,55
93.808624,18.258162,105.81106,117.52791,139.02501,0.586,0.129,0.012,40,446,56
91.67707,20.091015,105.2829,117.098236,139.0159,0.51,0.159,0.03,608,1396,57
93.700066,19.002726,106.995766,118.70872,138.99962,0.609,0.146,0.018,222,348,58
94.304596,18.696001,107.03828,118.94061,138.97362,0.629,0.166,0.02,260,532,59
93.170906,19.60196,106.8485,118.81053,138.72949,0.577,0.154,0.014,293,183,60
93.43926,18.613605,106.957886,116.436874,138.57413,0.59,0.122,0.018,1835,1089,61
93.55773,18.519276,106.073326,116.5795,138.4541,0.606,0.14,0.019,41,325,62
93.17378,18.26691,105.21677,117.12836,138.40878,0.582,0.135,0.015,1462,109,63
93.01874,18.387117,104.87004,116.798294,138.18413,0.578,0.124,0.011,48,699,64
92.529236,18.453236,104.47406,116.70764,138.13243,0.568,0.105,0.009,414,662,65
91.78949,19.151136,104.72541,116.699265,137.71942,0.518,0.145,0.026,528,243,66
91.71574,18.790981,104.00676,116.38208,137.50275,0.524,0.149,0.022,172,225,67
92.49161,19.286417,105.74022,118.734795,137.45132,0.541,0.173,0.023,214,2,68
93.11454,18.839878,105.860146,117.18406,137.4317,0.575,0.156,0.023,594,798,69
91.79895,18.984459,104.67639,115.574265,137.19823,0.516,0.134,0.019,1223,368,70
93.27898,18.028435,104.71971,117.07299,136.77448,0.582,0.13,0.009,33,870,71
92.95266,18.3274,105.58422,117.6301,136.5975,0.592,0.128,0.012,432,1341,72
90.02028,18.999928,103.02974,114.573875,136.1887,0.464,0.106,0.014,1421,1919,73
90.546425,17.989967,102.372894,113.90233,135.56372,0.477,0.094,0.006,521,102,74
90.96035,18.068083,102.59641,115.129295,135.44414,0.496,0.082,0.01,1217,309,75
90.82477,17.977787,102.76658,114.56879,135.116,0.481,0.079,0.009,1541,421,76
90.353065,18.121096,102.03649,114.82948,134.5685,0.467,0.087,0.009,1129,362,77
91.29522,18.277317,104.7489,114.19246,134.04875,0.495,0.107,0.019,1191,1377,78
91.131645,17.871136,102.809006,114.93612,132.56476,0.499,0.095,0.005,1402,54,79
87.911736,18.2792,100.00028,111.79116,130.21649,0.398,0.069,0.012,739,1788,80
89.033966,17.388899,100.124,111.0639,130.19188,0.441,0.065,0.004,1194,1187,81
89.565704,18.08175,101.11059,113.70894,129.96492,0.439,0.075,0.007,1027,1018,82
88.08764,17.38058,99.44796,111.30047,129.21077,0.386,0.046,0.007,1749,1670,83
